,NDB_NO,Description,Weight(g),Measure,"Fatty acids, total saturated (g)","Fatty acids, total polyunsaturated (g)",Fructose (g),"Sugars, total (g)",Thiamin (mg),Leucine (g),6:0 (g),22:4 (g),"Folate, food (µg)","18:3 n-3 c,c,c (ALA) (g)",Vitamin E (alpha-tocopherol) (mg),Phenylalanine (g),Lysine (g),22:1 c (g),"Fluoride, F (µg)","Tocotrienol, beta (mg)",18:1 t (g),20:1 (g),15:1 (g),Glutamic acid (g),Aspartic acid (g),17:1 (g),21:5 (g),"20:2 n-6 c,c (g)","Fiber, total dietary (g)",20:3 n-3 (g),Lutein + zeaxanthin (µg),Menaquinone-4 (µg),"Tocotrienol, alpha (mg)",Alanine (g),13:0 (g),Beta-sitosterol (mg),18:4 (g),Retinol (µg),18:1-11 t (18:1t n-7) (g),Caffeine (mg),Hydroxyproline (g),Protein (g),Lycopene (µg),Niacin (mg),"Copper, Cu (mg)",17:0 (g),18:0 (g),18:3 undifferentiated (g),Glucose (dextrose) (g),14:1 (g)_x,"Folate, DFE (µg)_x",20:3 undifferentiated (g)_x,14:1 (g)_y,"Folate, DFE (µg)_y",20:3 undifferentiated (g)_y,Threonine (g),"18:3 n-6 c,c,c (g)",Maltose (g),Energy (kJ),"Fatty acids, total trans-monoenoic (g)",14:0 (g),Phytosterols (mg),"Iron, Fe (mg)",Cystine (g),"Fatty acids, total trans-polyenoic (g)",Water (g),"Cryptoxanthin, beta (µg)","Tocopherol, gamma (mg)",Glycine (g),"Calcium, Ca (mg)",16:1 t (g),"Carotene, beta (µg)",15:0 (g),Riboflavin (mg),20:5 n-3 (EPA) (g),Vitamin B-12 (µg),"Fatty acids, total monounsaturated (g)",Vitamin K (phylloquinone) (µg),"Vitamin A, RAE (µg)",12:0 (g),Vitamin B-6 (mg),22:0 (g),Ash (g)_x,"Tocopherol, delta (mg)_x",22:1 undifferentiated (g)_x,Ash (g)_y,"Tocopherol, delta (mg)_y",22:1 undifferentiated (g)_y,16:1 c (g),"Sodium, Na (mg)",4:0 (g),Galactose (g),22:5 n-3 (DPA) (g),"Alcohol, ethyl (g)",18:2 undifferentiated (g),"Potassium, K (mg)",Betaine (mg),Proline (g),Total lipid (fat) (g),16:1 undifferentiated (g),18:2 t not further defined (g),18:2 i (g),Sucrose (g),"Vitamin A, IU (IU)",Energy (kcal),24:1 c (g),Tryptophan (g),Starch (g),Cholesterol (mg),Tyrosine (g),20:0 (g),"Selenium, Se (µg)",Folic acid (µg),"Manganese, Mn (mg)","Folate, total (µg)",Isoleucine (g),16:0 (g),"Phosphorus, P (mg)","Vitamin B-12, added (µg)_x","Choline, total (mg)_x",Serine (g)_x,"Vitamin B-12, added (µg)_y","Choline, total (mg)_y",Serine (g)_y,"Carbohydrate, by difference (g)",22:1 t (g),"18:2 t,t (g)","Carotene, alpha (µg)",Vitamin D (IU),18:1 c (g),"18:2 n-6 c,c (g)",Stigmasterol (mg),Pantothenic acid (mg),Arginine (g),Vitamin D2 (ergocalciferol) (µg),10:0 (g),Vitamin D (D2 + D3) (µg),Valine (g),"Magnesium, Mg (mg)",18:1 undifferentiated (g),Histidine (g),Dihydrophylloquinone (µg),20:3 n-6 (g),20:4 undifferentiated (g),"Fatty acids, total trans (g)",Theobromine (mg),"Tocotrienol, delta (mg)","Vitamin C, total ascorbic acid (mg)","Tocotrienol, gamma (mg)",Methionine (g),8:0 (g),Lactose (g),18:2 CLAs (g)
0,"""20001""","Amaranth grain, uncooked",193.0,1.0 cup,2.816,5.362,0.02,3.26,0.224,1.696,,,,0.081,2.30,1.046,1.442,,,0.93,,0.027,0.0,4.360,2.434,,,0.0,12.9,,54,0.0,,1.542,,,,0,,,,,,1.781,1.013,0.000,0.430,0.081,0.52,0.0,158,,0.0,158,,1.077,0.000,0.02,2999,,0.021,46.0,14.69,0.369,,,,0.37,3.157,307.0,,,,0.386,,0.00,3.252,,0,0.000,1.141,0.035,5.56,1.33,,5.56,1.33,,,,,,,0.0,5.28,980.0,130.5,1.347,13.55,0.000,,,,4.0,716.0,,0.349,110.53,0,0.635,0.100,36.1,0,6.433,158,1.123,2.227,1075.0,0.0,134.7,2.216,0.0,134.7,2.216,125.93,,,0.0,,,,,,2.046,,0.000,0.0,1.310,479.0,3.225,0.751,0.0,,,,,,,0.56,0.436,0.000,0.0,
1,"""20003""",Arrowroot flour,128.0,1.0 cup,0.024,0.058,,,,,,,,,,,0.017,,,,,,,,,,,,4.4,,,,,,,,,0,,,,,,0.0,0.051,,0.001,0.012,,,,,,,,0.015,,,1912,,0.001,,,,,,,,,,,,,,,0.00,0.003,,0,,,,0.1,,,0.1,,,,,,,,,0.046,14.0,,0.012,0.13,0.000,,,,0.0,457.0,,0.005,,0,0.012,,,0,0.602,9,0.013,0.022,6.0,,,,,,,112.83,,,,,,,,,0.015,,,0.0,0.018,4.0,0.003,0.005,,,,,,,,,,,,
2,"""20130""",Barley flour or meal,148.0,1.0 cup,0.496,1.141,,1.18,0.548,1.055,0.000,,12.0,,,,0.579,,,,,,,,,,,,14.9,,237,,,,,,,,,0,,,,9.278,0.508,,0.018,0.114,,,,,,,,0.527,,,2136,,0.012,,,,,,,,,,,,,0.169,,0.00,0.303,3.3,0,0.006,0.586,,1.89,,0.000,1.89,,0.000,,,,,,,1.029,457.0,96.9,1.846,2.37,0.006,,,,0.0,511.0,,0.259,,0,0.445,,55.8,0,1.530,12,0.567,0.423,438.0,0.0,55.9,0.656,0.0,55.9,0.656,110.29,,,0.0,,,,,,0.778,,0.000,0.0,0.762,142.0,0.249,0.349,,,,,0.0,,,,,,,
3,"""20131""",Barley malt flour,162.0,1.0 cup,0.625,1.544,,1.3,0.501,1.209,0.000,,62.0,,,,0.867,,,,,,,,,,,,11.5,,259,,,,,,,,,0,,,,9.13,0.437,,0.024,0.154,,,,,,,,0.659,,,2446,,0.015,,,,,,,,,,,,,0.499,,0.00,0.411,3.6,2,0.008,1.061,,2.22,,0.000,2.22,,0.000,,,,,,,1.392,363.0,,1.819,2.98,0.008,,,,31.0,585.0,,0.214,,0,0.552,,61.1,0,1.933,62,0.585,0.572,491.0,0.0,,0.753,0.0,,0.753,126.85,,,0.0,,,,,,1.354,,0.000,0.0,0.815,157.0,0.335,0.446,,,,,0.0,,1.0,,,,,
4,"""20004""","Barley, hulled",184.0,1.0 cup,0.887,2.039,,1.47,1.189,1.560,0.000,,35.0,,,,0.856,,,,,,,,,,,,31.8,,294,,,,,,,,,0,,,,8.471,0.916,,0.031,0.202,,,,,,,,0.78,,,2725,,0.020,,,,,,,,,,,,,0.524,,0.00,0.543,4.0,2,0.011,0.585,,4.21,,0.000,4.21,,0.000,,,,,,,1.838,832.0,,2.731,4.23,0.011,,,,40.0,651.0,,0.383,,0,0.659,,69.4,0,3.575,35,0.839,0.756,486.0,0.0,,0.970,0.0,,0.970,135.2,,,0.0,,,,,,1.15,,0.000,0.0,1.126,245.0,0.443,0.517,,,,,0.0,,,,,,,
5,"""20006""","Barley, pearled, cooked",157.0,1.0 cup,0.146,0.336,,0.44,0.130,0.242,0.000,,25.0,,,,0.132,,,,,,,,,,,,6.0,,88,,,,,,,,,0,,,,3.239,0.165,,0.005,0.033,,,,,,,,0.121,,,809,,0.003,,,,,,,,,,,,,0.097,,0.00,0.089,1.3,0,0.002,0.181,,0.42,,0.000,0.42,,0.000,,,,,,,0.303,146.0,,0.422,0.69,0.002,,,,11.0,193.0,,0.06,,0,0.102,,13.5,0,0.407,25,0.13,0.124,85.0,0.0,21.0,0.149,0.0,21.0,0.149,44.31,,,0.0,,,,,,0.177,,0.000,0.0,0.174,35.0,0.074,0.080,,,,,0.0,,,,,,,
6,"""20005""","Barley, pearled, raw",200.0,1.0 cup,0.488,1.120,,1.6,0.382,1.346,0.000,,46.0,,,,0.738,,,,,,,,,,,,31.2,,320,,,,,,,,,0,,,,9.208,0.84,,0.016,0.110,,,,,,,,0.674,,,2946,,0.012,,,,,,,,,,,,,0.228,,0.00,0.298,4.4,2,0.006,0.52,,2.22,,0.000,2.22,,0.000,,,,,,,1.01,560.0,,2.356,2.32,0.006,,,,44.0,704.0,,0.33,,0,0.568,,75.4,0,2.644,46,0.724,0.416,442.0,0.0,75.6,0.836,0.0,75.6,0.836,155.44,,,0.0,,,,,,0.992,,0.000,0.0,0.972,158.0,0.244,0.446,,,,,0.0,,,,,,,
7,"""20008""",Buckwheat,170.0,1.0 cup,1.26,1.766,,,,,0.000,,51.0,,,,1.142,,,,,,,,,,,,17.0,,,,,,,,,0,,,,,,11.934,1.87,,0.080,0.133,,,,,,,,0.86,,,2440,,0.043,,,,,,,,,,,,,0.723,,0.00,1.768,,0,0.017,0.357,,3.57,,0.020,3.57,,0.020,,,,,,,1.634,782.0,,0.862,5.78,0.039,,,,0.0,583.0,,0.326,,0,0.41,,14.1,0,2.210,51,0.847,0.765,590.0,0.0,,1.165,0.0,,1.165,121.55,,,,,,,,,1.669,,0.031,0.0,1.153,393.0,1.680,0.525,,,,,,,,,,,,
8,"""20011""","Buckwheat flour, whole-groat",120.0,1.0 cup,0.812,1.139,,3.12,0.500,0.950,0.000,,65.0,,,,0.768,,,,,,,,,,,,12.0,,264,,,,,,,,,0,,,,7.38,0.618,,0.052,0.085,,,,,,,,0.578,,,1682,,0.028,,,,,,,8.57,1.177,49.0,,,,0.228,,0.00,1.139,8.4,0,0.011,0.698,,3.05,0.54,0.013,3.05,0.54,0.013,,,,,,,1.052,692.0,,0.578,3.72,0.025,,,,0.0,402.0,,0.22,,0,0.276,,6.8,0,2.436,65,0.569,0.493,404.0,0.0,65.0,0.782,0.0,65.0,0.782,84.71,,,0.0,,,,,,1.122,,0.019,0.0,0.775,301.0,1.082,0.353,,,,,0.0,,,,,,,
9,"""20010""","Buckwheat groats, roasted, cooked",168.0,1.0 cup,0.225,0.316,0.17,1.51,0.067,0.356,0.000,,24.0,,,,0.289,,,,,,,,,,,,4.5,,101,,,,,,,,,0,,,,1.579,0.245,,0.015,0.024,0.34,,,,,,,0.217,,,647,,0.007,,,,,,,,,,,,,0.066,,0.00,0.316,3.2,0,0.003,0.129,,0.72,,0.003,0.72,,0.003,,,,,,,0.292,148.0,0.8,0.217,1.04,0.007,,,,0.0,155.0,,0.082,,0,0.104,,3.7,0,0.677,24,0.213,0.138,118.0,0.0,33.8,0.294,0.0,33.8,0.294,33.5,,,0.0,,,,,,0.42,,0.005,0.0,0.291,86.0,0.301,0.133,,,,,0.0,,,,,,,
10,"""20009""","Buckwheat groats, roasted, dry",164.0,1.0 cup,0.969,1.358,,,,,0.000,,69.0,,,,0.976,,,,,,,,,,,,16.9,,,,,,,,,0,,,,,,8.421,1.023,,0.062,0.102,,,,,,,,0.735,,,2375,,0.033,,,,,,,,,,,,,0.444,,0.00,1.358,,0,0.013,0.579,,3.61,,0.015,3.61,,0.015,,,,,,,1.256,525.0,4.3,0.736,4.44,0.030,,,,0.0,567.0,,0.279,,0,0.349,,13.8,0,2.654,69,0.723,0.589,523.0,,,,,,,122.92,,,,,,,,,1.425,,0.023,0.0,0.984,362.0,1.292,0.448,,,,,,,,,,,,
11,"""20013""","Bulgur, cooked",182.0,1.0 cup,0.076,0.178,,0.18,0.104,0.379,0.000,,33.0,,,,0.155,,,,,,,,,,,,8.2,,98,,,,,,,,,0,,,,1.82,0.137,,0.004,0.007,,,,,,,,0.162,,,632,,0.000,,,,,,,,,,,,,0.051,,0.00,0.056,0.9,0,0.000,0.151,,0.62,,0.000,0.62,,0.000,,,,,,,0.171,124.0,151.8,0.582,0.44,0.002,,,,4.0,151.0,,0.087,,0,0.164,,1.1,0,1.108,33,0.207,0.067,73.0,0.0,12.6,0.264,0.0,12.6,0.264,33.82,,,0.0,,,,,,0.262,,0.000,0.0,0.253,58.0,0.055,0.129,,,,,0.0,,,,,,,
12,"""20012""","Bulgur, dry",140.0,1.0 cup,0.325,0.757,,0.57,0.325,1.162,0.000,,38.0,,,,0.475,,,,,,,,,,,,17.5,,308,,,,,,,,,0,,,,7.16,0.469,,0.015,0.032,,,,,,,,0.496,,,2003,,0.001,,,,,,,,,,,,,0.161,,0.00,0.242,2.7,0,0.000,0.479,,2.11,,0.000,2.11,,0.000,,,,,,,0.725,574.0,,1.785,1.86,0.010,,,,13.0,479.0,,0.266,,0,0.501,,3.2,0,4.267,38,0.637,0.284,420.0,0.0,39.3,0.812,0.0,39.3,0.812,106.22,,,0.0,,,,,,0.805,,0.000,0.0,0.776,230.0,0.232,0.399,,,,,0.0,,,,,,,
13,"""20015""","Corn bran, crude",76.0,1.0 cup,0.099,0.320,,0.0,0.008,,0.000,,3.0,,,,,,,,,,,,,,,,60.0,,1030,,,,,,,,,0,,,,2.079,0.188,,0.011,0.010,,,,,,,,,,,712,,0.000,,,,,,,,,,,,,0.076,,0.00,0.185,0.2,3,0.000,0.116,,0.27,,0.000,0.27,,0.000,,,,,,,0.31,33.0,3.5,,,,,,,54.0,170.0,,,,,,,,0,0.106,3,,,,0.0,13.8,,0.0,13.8,,65.09,,,16.0,0,,,,,,,,0.0,,49.0,0.185,,,,,,0.0,,,,,,,
14,"""20017""","Corn flour, masa, enriched, white",114.0,1.0 cup,0.606,1.965,,1.84,1.681,1.168,0.000,,33.0,,,,0.25,,,,,,,,,,,,7.3,,7,,,,,,,,,0,,,,11.322,0.238,,0.068,0.059,,,,,,,,0.279,,,1729,,0.000,,,,,,,,,,,,,0.918,,0.00,1.137,,0,0.000,0.541,,1.69,,0.000,1.69,,0.000,,,,,,,1.906,299.0,,0.771,4.21,0.003,,,,6.0,414.0,,0.071,75.24,0,0.261,,12.0,152,0.429,185,0.315,0.516,263.0,0.0,9.8,0.474,0.0,9.8,0.474,87.31,,,0.0,,,,,,0.427,,0.000,0.0,0.433,106.0,1.133,0.296,,,,,0.0,,,,,,,
15,"""20019""","Corn flour, masa, unenriched, white",114.0,1.0 cup,0.606,1.965,,1.84,0.254,1.168,0.000,,33.0,,,,0.25,,,,,,,,,,,,7.3,,7,,,,,,,,,0,,,,1.863,0.238,,0.068,0.059,,,,,,,,0.279,,,1729,,0.000,,,,,,,,,,,,,0.111,,0.00,1.137,,0,0.000,0.541,,1.69,,0.000,1.69,,0.000,,,,,,,1.906,299.0,,0.771,4.21,0.003,,,,6.0,414.0,,0.071,75.24,0,0.261,,12.0,0,0.429,33,0.315,0.516,263.0,0.0,9.8,0.474,0.0,9.8,0.474,87.31,,,0.0,,,,,,0.427,,0.000,0.0,0.433,106.0,1.133,0.296,,,,,0.0,,,,,,,
16,"""20316""","Corn flour, whole-grain, white",117.0,1.0 cup,0.635,2.058,,0.75,0.288,0.995,0.000,,29.0,,,,0.228,,,,,,,,,,,,8.5,,6,,,,,,,,,0,,,,2.223,0.269,,0.071,0.062,,,,,,,,0.305,,,1767,,0.000,,,,,,,,,,,,,0.094,,0.00,1.191,0.4,0,0.000,0.433,,1.7,,0.000,1.7,,0.000,,,,,,,1.996,369.0,,0.708,4.52,0.004,,,,4.0,422.0,,0.057,,0,0.33,,18.0,0,0.538,29,0.29,0.542,318.0,0.0,25.3,0.385,0.0,25.3,0.385,89.91,,,0.0,,,,,,0.404,,0.000,0.0,0.411,109.0,1.188,0.247,,,,,0.0,,,,,,,
17,"""20016""","Corn flour, whole-grain, yellow",117.0,1.0 cup,0.635,2.058,,0.75,0.288,0.995,0.000,,29.0,,,,0.228,,,,,,,,,,,,8.5,,1585,,,,,,,,,0,,,,2.223,0.269,,0.071,0.062,,,,,,,,0.305,,,1767,,0.000,,,,,,,,,,,,,0.094,,0.00,1.191,0.4,13,0.000,0.433,,1.7,,0.000,1.7,,0.000,,,,,,,1.996,369.0,,0.708,4.52,0.004,,,,250.0,422.0,,0.057,,0,0.33,,18.0,0,0.538,29,0.29,0.542,318.0,0.0,25.3,0.385,0.0,25.3,0.385,89.91,,,74.0,0,,,,,0.404,,0.000,0.0,0.411,109.0,1.188,0.247,,,,,0.0,,,,,,,
18,"""20018""","Corn flour, yellow, degermed, unenriched",126.0,1.0 cup,0.215,0.876,,0.81,0.093,,0.000,,60.0,,,,,,,,,,,,,,,,2.4,,1707,,,,,,,,,0,,,,3.347,0.179,,0.032,0.028,,,,,,,,,,,1977,,0.001,,,,,,,,,,,,,0.073,,0.00,0.345,0.4,14,0.001,0.122,,0.58,,0.000,0.58,,0.000,,,,,,,0.848,113.0,,,,,,,,270.0,472.0,,,,,,,,0,0.071,60,,,,0.0,,,0.0,,,104.27,,,79.0,0,,,,,,,,0.0,,23.0,0.345,,,,,,0.0,,,,,,,
19,"""20317""","Corn flour, yellow, masa, enriched",114.0,1.0 cup,0.606,1.965,,,,,,,,,,,0.25,,,,,,,,,,,,7.3,,7,,,,,,,0,,,,,,11.322,0.238,,0.068,0.059,,,,,,,,0.279,,,1729,,,,,,,,,,,,,,,0.918,,0.00,1.137,,13,,,,1.69,,,1.69,,,,,,,,,1.906,299.0,,0.771,4.21,0.003,,,,244.0,414.0,,0.071,75.24,0,0.261,,12.0,152,0.429,185,0.315,0.516,263.0,,,,,,,87.31,,,72.0,0,,,,,0.427,,,0.0,0.433,106.0,1.133,0.296,,,,,,,,,,,,
20,"""20314""","Corn grain, white",166.0,1.0 cup,1.107,3.591,,,,,,,,,,,0.44,,,,,,,,,,,,,,,,,,,,,0,,,,,,6.021,0.521,,0.124,0.108,,,,,,,,0.588,,,2535,,,,,,,,,,,,,,,0.334,,0.00,2.077,,0,,,,1.99,,,1.99,,,,,,,,,3.481,476.0,,1.365,7.87,0.007,,,,0.0,606.0,,0.111,,0,0.636,,25.7,,,,0.559,0.945,349.0,0.0,,0.742,0.0,,0.742,123.27,,,,,,,,,0.78,,,0.0,0.792,211.0,2.070,0.476,,,,,,,,,,,,
21,"""20014""","Corn grain, yellow",166.0,1.0 cup,1.107,3.591,,1.06,0.639,1.917,,,,,,,0.44,,,,,,,,,,,,12.1,,2249,,,,,,,,,0,,,,6.021,0.521,,0.124,0.108,,,,,,,,0.588,,,2535,,,,,,,,,,,,,,,0.334,,0.00,2.077,0.5,18,,,,1.99,,,1.99,,,,,,,,,3.481,476.0,,1.365,7.87,0.007,,,,355.0,606.0,,0.111,,0,0.636,,25.7,0,0.805,32,0.559,0.945,349.0,0.0,,0.742,0.0,,0.742,123.27,,,105.0,0,,,,,0.78,,,0.0,0.792,211.0,2.070,0.476,,,,,0.0,,,,,,,
22,"""20322""","Cornmeal, degermed, enriched, white",157.0,1.0 cup,0.345,1.300,0.27,2.53,0.865,1.579,0.000,,47.0,,,,0.165,,,0.0,,,0.0,2.284,0.730,,,0.0,6.1,,8,,,,,,0.0,,,0,,11.16,0,7.8,0.119,0.002,0.060,0.031,0.88,0.0,526,,0.0,526,,0.27,0.000,0.30,2429,0.000,0.002,,,,,,,0.71,0.341,5.0,,,,0.600,,0.00,0.612,,0,0.002,0.286,0.000,0.8,0.06,0.003,0.8,0.06,0.003,,,,,,0.0,1.269,223.0,1.6,1.171,2.75,0.005,,,,5.0,581.0,0.000,0.06,115.08,0,0.294,0.006,16.5,283,0.273,328,0.38,0.275,155.0,0.0,13.5,0.535,0.0,13.5,0.535,124.74,,,0.0,,,,,,0.375,,0.000,0.0,0.529,50.0,0.606,0.270,0.0,,,,0.0,,,0.91,0.254,0.000,0.0,
23,"""20022""","Cornmeal, degermed, enriched, yellow",157.0,1.0 cup,0.345,1.300,0.27,2.53,0.865,1.579,0.000,,47.0,,,,0.165,,,0.0,,,0.0,2.284,0.730,,,0.0,6.1,,2556,,,,,,0.0,,,0,,11.16,0,7.8,0.119,0.002,0.060,0.031,0.88,0.0,526,,0.0,526,,0.27,0.000,0.30,2429,0.000,0.002,,,,,,,0.71,0.341,5.0,,,,0.600,,0.00,0.612,0.0,17,0.002,0.286,0.000,0.8,0.06,0.003,0.8,0.06,0.003,,,,,,0.0,1.269,223.0,1.6,1.171,2.75,0.005,,,,336.0,581.0,0.000,0.06,115.08,0,0.294,0.006,16.5,283,0.273,328,0.38,0.275,155.0,0.0,13.5,0.535,0.0,13.5,0.535,124.74,,,99.0,0,,,,,0.375,,0.000,0.0,0.529,50.0,0.606,0.270,0.0,,,,0.0,,,0.91,0.254,0.000,0.0,
24,"""20522""","Cornmeal, degermed, unenriched, white",157.0,1.0 cup,0.345,1.300,0.27,2.53,0.220,1.579,0.000,,47.0,,,,0.165,,,0.0,,,0.0,2.284,0.730,,,0.0,6.1,,8,,,,,,0.0,0,,,,11.16,0,1.57,0.119,0.002,0.060,0.031,0.88,0.0,47,,0.0,47,,0.27,0.000,0.30,2429,0.000,0.002,,,,,,,0.71,0.341,5.0,,,,0.079,,0.00,0.612,,0,0.002,0.286,0.000,0.8,0.06,0.003,0.8,0.06,0.003,,,,,,0.0,1.269,223.0,1.6,1.171,2.75,0.005,,,,5.0,581.0,0.000,0.06,115.08,0,0.294,0.006,16.5,0,0.273,47,0.38,0.275,155.0,0.0,13.5,0.535,0.0,13.5,0.535,124.74,,,0.0,,,,,,0.375,,0.000,0.0,0.529,50.0,0.606,0.270,0.0,,,,,,,0.91,0.254,0.000,0.0,
25,"""20422""","Cornmeal, degermed, unenriched, yellow",157.0,1.0 cup,0.345,1.300,0.27,2.53,0.220,1.579,0.000,,47.0,,,,0.165,,,0.0,,,0.0,2.284,0.730,,,0.0,6.1,,2556,,,,,,0.0,,,0,,11.16,0,1.57,0.119,0.002,0.060,0.031,0.88,0.0,47,,0.0,47,,0.27,0.000,0.30,2429,0.000,0.002,,,,,,,0.71,0.341,5.0,,,,0.079,,0.00,0.612,0.0,17,0.002,0.286,0.000,0.8,0.06,0.003,0.8,0.06,0.003,,,,,,0.0,1.269,223.0,1.6,1.171,2.75,0.005,,,,336.0,581.0,0.000,0.06,115.08,0,0.294,0.006,16.5,0,0.273,47,0.38,0.275,155.0,0.0,13.5,0.535,0.0,13.5,0.535,124.74,,,99.0,0,,,,,0.375,,0.000,0.0,0.529,50.0,0.606,0.270,0.0,,,,0.0,,,0.91,0.254,0.000,0.0,
26,"""20323""","Cornmeal, white, self-rising, bolted, plain, enriched",122.0,1.0 cup,0.583,1.891,,,,,,,,,,,0.284,,,,,,,,,,,,8.2,,,,,,,,,0,,,,,,6.455,0.183,,0.066,0.057,,,,,,,,0.379,,,1704,,,,,,,,,,,,,,,0.488,,0.00,1.094,,0,,,,6.65,,,6.65,,,,,,,,,1.834,311.0,,0.882,4.15,0.004,,,,0.0,407.0,,0.071,,0,0.411,,,215,,284,0.361,0.498,981.0,,,,,,,85.74,,,,,,,,,0.504,,,0.0,0.511,105.0,1.091,0.309,,,,,,,,,,,,
27,"""20324""","Cornmeal, white, self-rising, bolted, with wheat flour added, enriched",170.0,1.0 cup,0.68,2.205,,,,,,,,,,,0.391,,,,,,,,,,,,10.7,,,,,,,,,0,,,,,,8.843,0.236,,0.076,0.066,,,,,,,,0.518,,,2475,,,,,,,,,,,,,,,0.736,,0.00,1.277,,0,,,,8.47,,,8.47,,,,,,,,,2.139,352.0,,1.301,4.84,0.003,,,,0.0,592.0,,0.111,,0,0.564,,,337,,449,0.51,0.580,1107.0,,,,,,,124.83,,,,,,,,,0.697,,,0.0,0.706,92.0,1.272,0.423,,,,,,,,,,,,
28,"""20325""","Cornmeal, white, self-rising, degermed, enriched",138.0,1.0 cup,0.323,1.020,,,,,,,,,,,,,,,,,,,,,,,9.8,,,,,,,,,0,,,,,,6.301,0.179,,0.036,0.028,,,,,,,,,,,2048,,0.001,,,,,,,,,,,,,0.534,,0.00,0.592,,0,0.001,0.538,,6.78,,,6.78,,,,,,,,,0.992,235.0,,,,,,,,0.0,490.0,,,,,,,,279,,322,,,,,,,,,,103.21,,,,,,,,,,,,0.0,,68.0,0.585,,,,,,,,,,,,,
29,"""20320""","Cornmeal, whole-grain, white",122.0,1.0 cup,0.616,1.998,,0.78,0.470,1.215,0.000,,30.0,,,,0.278,,,,,,,,,,,,8.9,,6,,,,,,,,,0,,,,4.431,0.235,,0.070,0.060,,,,,,,,0.372,,,1848,,0.000,,,,,,,,,,,,,0.245,,0.00,1.157,0.4,0,0.000,0.371,,1.38,,0.000,1.38,,0.000,,,,,,,1.939,350.0,14.2,0.865,4.38,0.004,,,,4.0,442.0,,0.07,,0,0.403,,18.9,0,0.608,30,0.355,0.526,294.0,0.0,26.4,0.471,0.0,26.4,0.471,93.81,,,0.0,,,,,,0.494,,0.000,0.0,0.501,155.0,1.153,0.303,,,,,0.0,,,,,,,
30,"""20020""","Cornmeal, whole-grain, yellow",122.0,1.0 cup,0.616,1.998,,0.78,0.470,1.215,0.000,,30.0,,,,0.278,,,0.0,,,,,,,,,8.9,,1653,,,,,,,,,0,,,,4.431,0.235,,0.070,0.060,,,,,,,,0.372,,,1848,,0.000,,,,,,,2.27,0.406,7.0,,,,0.245,,0.00,1.157,0.4,13,0.000,0.371,,1.38,0.00,,1.38,0.00,,,,,,,,1.939,350.0,14.2,0.865,4.38,0.004,,,,261.0,442.0,,0.07,,0,0.403,,18.9,0,0.608,30,0.355,0.526,294.0,0.0,26.4,0.471,0.0,26.4,0.471,93.81,,,77.0,0,,,,,0.494,,0.000,0.0,0.501,155.0,1.153,0.303,,,,,0.0,,,0.16,0.207,0.000,,
31,"""20023""","Cornmeal, yellow, self-rising, bolted, plain, enriched",122.0,1.0 cup,0.583,1.891,,,,,,,,,,,0.284,,,,,,,,,,,,8.2,,,,,,,,,0,,,,,,6.455,0.183,,0.066,0.057,,,,,,,,0.379,,,1704,,,,,,,,,,,,,,,0.488,,0.00,1.094,,28,,,,6.65,,,6.65,,,,,,,,,1.834,311.0,,0.882,4.15,0.004,,,,572.0,407.0,,0.071,,0,0.411,,,215,0.608,284,0.361,0.498,981.0,,,,,,,85.74,,,,,,,,,0.504,,,0.0,0.511,105.0,1.091,0.309,,,,,,,,,,,,
32,"""20024""","Cornmeal, yellow, self-rising, bolted, with wheat flour added, enriched",170.0,1.0 cup,0.68,2.205,,,,,,,,,,,0.391,,,,,,,,,,,,10.7,,,,,,,,,0,,,,,,8.843,0.236,,0.076,0.066,,,,,,,,0.518,,,2475,,,,,,,,,,,,,,,0.736,,0.00,1.277,,24,,,,8.47,,,8.47,,,,,,,,,2.139,352.0,,1.301,4.84,0.003,,,,488.0,592.0,,0.111,,0,0.564,,,337,0.877,449,0.51,0.580,1107.0,,,,,,,124.83,,,,,,,,,0.697,,,0.0,0.706,92.0,1.272,0.423,,,,,,,,,,,,
33,"""20025""","Cornmeal, yellow, self-rising, degermed, enriched",138.0,1.0 cup,0.323,1.020,,,,,,,,,,,,,,,,,,,,,,,9.8,,,,,,,,,0,,,,,,6.301,0.179,,0.036,0.028,,,,,,,,,,,2049,,0.001,,,,,,,,,,,,,0.534,,0.00,0.592,,15,0.001,0.538,,6.78,,,6.78,,,,,,,,,0.992,235.0,,,,,,,,295.0,490.0,,,,,,,,279,0.145,322,,,,,,,,,,103.21,,,,,,,,,,,,0.0,,68.0,0.585,,,,,,,,,,,,,
34,"""20027""",Cornstarch,128.0,1.0 cup,0.012,0.032,,0.0,,0.046,,,0.0,,,,0.008,,,0.0,,,,,,,,,1.2,,0,,,,,,,,,0,,,,0.0,0.064,,0.001,0.000,,,,,,,,0.012,,,2040,,0.000,,,,,,,0.0,0.012,3.0,,,,,,0.00,0.02,,0,,0.0,,0.12,0.00,,0.12,0.00,,,,,,,,0.032,4.0,,0.031,0.06,0.000,,,,0.0,488.0,,0.001,,0,0.013,,3.6,,0.068,0,0.013,0.012,17.0,0.0,0.5,0.015,0.0,0.5,0.015,116.83,,,0.0,,,,,,0.015,,0.000,0.0,0.018,4.0,0.020,0.010,,,,,0.0,,,0.0,0.008,,,
35,"""20029""","Couscous, cooked",157.0,"1.0 cup, cooked",0.046,0.100,,0.16,0.099,0.407,0.000,,24.0,,,,0.115,,,,,,,,,,,,2.2,,39,,,,,,,,,0,,,,1.543,0.064,,0.002,0.005,,,,,,,,0.157,,,736,,0.000,,,,,,,,,,,,,0.042,,0.00,0.035,0.2,0,0.000,0.08,,0.41,,0.000,0.41,,0.000,,,,,,,0.094,91.0,,0.655,0.25,0.002,,,,0.0,176.0,,0.077,,0,0.157,,43.2,0,0.132,24,0.231,0.042,35.0,0.0,5.2,0.281,0.0,5.2,0.281,36.46,,,0.0,,,,,,0.22,,0.000,0.0,0.254,13.0,0.035,0.121,,,,,0.0,,,,,,,
36,"""20028""","Couscous, dry",173.0,1.0 cup,0.202,0.436,,,,,,,,,,,0.424,,,,,,,,,,,,8.7,,,,,,,,,0,,,,,,6.038,0.427,,0.010,0.021,,,,,,,,0.583,,,2721,,0.002,,,,,,,,,,,,,0.135,,0.00,0.154,,0,,,,1.07,,,1.07,,,,,,,,,0.415,287.0,,2.429,1.11,0.003,,,,0.0,650.0,,0.282,,0,0.58,,,0,1.349,35,0.853,0.189,294.0,,,,,,,133.95,,,,,,,,,0.813,,,0.0,0.941,76.0,0.149,0.448,,,,,,,,,,,,
37,"""20030""","Hominy, canned, white",165.0,1.0 cup,0.203,0.658,,2.49,0.005,0.333,0.000,,2.0,,,,0.054,,,,,,,,,,,,4.1,,50,,,,,,,,,0,,,,0.054,0.05,,0.023,0.020,,,,,,,,0.083,,,497,,0.000,,,,,,,,,,,,,0.010,,0.00,0.381,0.3,0,0.000,0.008,,1.42,,0.000,1.42,,0.000,,,,,,,0.639,15.0,,0.228,1.45,0.002,,,,2.0,119.0,,0.013,,0,0.092,,5.0,0,0.116,2,0.096,0.173,58.0,0.0,5.1,0.107,0.0,5.1,0.107,23.53,,,0.0,,,,,,0.112,,0.000,0.0,0.127,26.0,0.380,0.074,,,,,0.0,,0.5,,,,,
38,"""20330""","Hominy, canned, yellow",160.0,1.0 cup,0.197,0.638,,,,,,,,,,,0.053,,,,,,,,,,,,4.0,,,,,,,,,0,,,,,,0.053,0.048,,0.022,0.019,,,,,,,,0.08,,,482,,,,,,,,,,,,,,,0.010,,0.00,0.37,,,,,,1.38,,,1.38,,,,,,,,,0.619,14.0,,0.221,1.41,0.002,,,,176.0,115.0,,0.013,,0,0.09,,4.8,0,0.112,2,0.093,0.168,56.0,,,,,,,22.82,,,,,,,,,0.109,,,0.0,0.123,26.0,0.368,0.072,,,,,,,,,,,,
39,"""20106""","Macaroni, vegetable, enriched, cooked",134.0,1.0 cup spiral shaped,0.021,0.059,,1.54,0.150,0.414,0.000,,8.0,,,,0.125,,,,,,,,,,,,5.8,,17,,,,,,,,,0,,,,1.435,0.123,,0.003,0.007,,,,,,,,0.163,,,718,,0.000,,,,,,,,,,,,,0.082,,0.00,0.016,0.4,7,0.000,0.032,,0.51,,0.000,0.51,,0.000,,,,,,,0.052,42.0,,0.647,0.15,0.000,,,,123.0,172.0,,0.078,,0,0.161,,26.5,79,1.321,87,0.234,0.017,67.0,0.0,6.7,0.288,0.0,6.7,0.288,35.66,,,0.0,,,,,,0.225,,0.000,0.0,0.260,25.0,0.016,0.123,,,,,0.0,,,,,,,
40,"""20105""","Macaroni, vegetable, enriched, dry",84.0,1.0 cup spiral shaped,0.126,0.358,,,,,,,,,,,0.226,,,,,,,,,,,,3.6,,,,,,,,,0,,,,,,6.156,0.168,,0.014,0.041,,,,,,,,0.297,,,1290,,0.003,,,,,,,,,,,,,0.441,,0.00,0.101,,7,,,,0.88,,,0.88,,,,,,,,,0.316,239.0,,1.177,0.87,0.001,,,,134.0,308.0,,0.141,,0,0.293,,,219,3.231,234,0.427,0.109,97.0,,,,,,,62.9,,,,,,,,,0.409,,,0.0,0.473,39.0,0.101,0.223,,,,,,,,,,,,
41,"""20647""",Millet flour,119.0,1.0 cup,0.638,3.115,0.00,1.98,0.491,1.829,0.001,,50.0,0.052,0.13,0.803,0.171,0.000,,0.0,,0.024,0.0,3.093,0.845,0.000,,0.002,4.2,0.000,,0.2,0.00,1.526,,,,,,,,,,7.164,0.637,0.002,0.084,0.052,1.50,0.002,50,0.000,0.002,50,0.000,0.421,0.000,0.13,1900,0.000,0.004,,,,0.004,10.32,,2.46,0.322,17.0,0.000,,0.002,0.087,0.000,,1.1,1.0,,0.001,0.443,0.018,1.44,0.63,0.000,1.44,0.63,0.000,,5.0,0.008,0.00,,,3.037,267.0,,1.084,5.06,0.008,0.004,,0.36,,,,0.202,83.16,,0.388,0.025,38.9,0,1.192,50,0.563,0.468,339.0,,,,,,,89.39,0.000,,,,,3.033,,1.508,0.44,,0.010,,,,1.065,0.306,0.0,0.000,0.024,0.002,,,,0.01,0.380,0.000,0.0,
42,"""20032""","Millet, cooked",174.0,1.0 cup,0.299,0.884,,0.23,0.184,0.776,0.000,,33.0,,,,0.117,,,,,,,,,,,,2.3,,122,,,,,,,,,0,,,,2.314,0.28,,0.064,0.049,,,,,,,,0.197,,,867,,0.000,,,,,,,,,,,,,0.143,,0.00,0.32,0.5,0,0.002,0.188,,0.71,,0.000,0.71,,0.000,,,,,,,0.835,108.0,,0.485,1.74,0.005,,,,5.0,207.0,,0.066,,0,0.188,,1.6,0,0.473,33,0.258,0.219,174.0,0.0,19.5,0.357,0.0,19.5,0.357,41.19,,,0.0,,,,,,0.212,,0.000,0.0,0.320,77.0,0.306,0.130,,,,,0.0,,,,,,,
43,"""20031""","Millet, raw",200.0,1.0 cup,1.446,4.268,,,,,,,,,,,0.424,,,,,,,,,,,,17.0,,,,,,,,,0,,,,,,9.44,1.5,,0.308,0.236,,,,,,,,0.706,,,3164,,,,,,,,,,,,,,,0.580,,0.00,1.546,1.8,0,0.006,0.768,,6.5,,,6.5,,,,,,,,,4.03,390.0,,1.754,8.44,0.028,,,,0.0,756.0,,0.238,,0,0.68,,5.4,0,3.264,170,0.93,1.056,570.0,,,,,,,145.7,,,,,,,,,0.764,,,0.0,1.156,228.0,1.478,0.472,,,,,,,,,,,,
44,"""20310""","Noodles, egg, cooked, enriched, with added salt",160.0,1.0 cup,0.67,0.883,0.00,0.64,0.462,0.584,,,,,,,0.219,,,0.0,,,,,,,,,1.9,,61,,,,,,,10,,,,,,3.323,0.157,,0.117,0.045,0.11,,,,,,,0.221,,0.48,925,,0.008,,,,,,,0.96,0.254,19.0,,,,0.218,,0.14,0.93,0.0,10,,,,0.8,0.00,,0.8,0.00,,,,,0.00,,,0.835,61.0,30.7,0.792,3.31,0.072,,,,34.0,221.0,,0.069,,46,0.15,,38.2,123,0.504,134,0.304,0.546,122.0,,,,,,,40.26,,,0.0,,,,,,0.307,,,,,,0.859,0.194,0.0,,,,,,,0.0,0.138,,0.0,
45,"""20510""","Noodles, egg, cooked, unenriched, with added salt",160.0,1.0 cup,0.67,0.883,0.00,0.64,0.048,0.584,,,,,,,0.219,,,0.0,,,,,,,,,1.9,,61,,,,,,,10,,,,,,0.64,0.157,,0.117,0.045,0.11,,,,,,,0.221,,0.48,925,,0.008,,,,,,,0.96,0.254,19.0,,,,0.032,,0.14,0.93,0.0,10,,,,0.8,0.00,,0.8,0.00,,,,,0.00,,,0.835,61.0,30.7,0.792,3.31,0.072,,,,34.0,221.0,,0.069,,46,0.15,,38.2,0,0.504,11,0.304,0.546,122.0,,,,,,,40.26,,,0.0,,,,,,0.307,,,,,,0.859,0.194,0.0,,,,,,,0.0,0.138,,0.0,
46,"""20109""","Noodles, egg, dry, enriched",38.0,1.0 cup,0.448,0.506,0.00,0.71,0.431,0.433,0.000,,11.0,0.022,0.14,0.284,0.163,,,0.0,,0.006,0.0,1.740,0.290,0.000,,0.003,1.3,,42,,,,,,,6,,0,,,,3.187,0.113,0.003,0.087,0.022,0.04,0.0,141,,0.0,141,,0.163,0.000,0.58,611,,0.004,,,,,,,0.52,0.188,13.0,,,,0.162,0.000,0.11,0.476,0.2,6,0.000,0.082,,0.43,0.00,0.000,0.43,0.00,0.000,,,,,,0.0,0.465,93.0,50.0,0.587,1.69,0.028,,,,24.0,146.0,,0.051,,32,0.111,0.000,29.9,76,0.325,87,0.225,0.355,92.0,0.0,29.9,0.305,0.0,29.9,0.305,27.08,,,0.0,4,,,,,0.228,,0.000,0.1,0.261,22.0,0.442,0.144,0.0,,,,0.0,,,0.0,0.102,,0.0,
47,"""20409""","Noodles, egg, dry, unenriched",38.0,1.0 cup,0.448,0.506,0.00,0.71,0.065,0.433,0.000,,11.0,0.022,0.14,0.284,0.163,,,0.0,,0.006,0.0,1.740,0.290,0.000,,0.003,1.3,,42,,,,,,,6,,0,,,,0.798,0.113,0.003,0.087,0.022,0.04,0.0,11,,0.0,11,,0.163,0.000,0.57,611,,0.004,,,,,,,0.52,0.188,13.0,,,,0.034,0.000,0.11,0.476,0.2,6,0.000,0.082,,0.43,0.00,0.000,0.43,0.00,0.000,,,,,,0.0,0.465,93.0,50.0,0.587,1.69,0.028,,,,24.0,146.0,,0.051,,32,0.111,0.000,29.9,0,0.325,11,0.225,0.355,92.0,0.0,29.9,0.305,0.0,29.9,0.305,27.08,,,0.0,4,,,,,0.228,,0.000,0.1,0.261,22.0,0.442,0.144,0.0,,,,0.0,,,0.0,0.102,,0.0,
48,"""20110""","Noodles, egg, enriched, cooked",160.0,1.0 cup,0.67,0.883,0.00,0.64,0.462,0.584,0.000,,11.0,,,,0.219,,9.6,0.0,,,,,,,,,1.9,,61,,,,,,,10,,0,,,,3.323,0.157,,0.117,0.045,0.11,,,,,,,0.221,,0.48,925,,0.008,,,,,,,0.96,0.254,19.0,,,,0.218,0.000,0.14,0.93,0.0,10,0.000,0.074,,0.8,0.00,,0.8,0.00,,,,,,,0.0,0.835,61.0,30.7,0.792,3.31,0.072,,,,34.0,221.0,,0.069,,46,0.15,,38.2,123,0.504,134,0.304,0.546,122.0,0.0,41.1,0.411,0.0,41.1,0.411,40.26,,,0.0,6,,,,,0.307,,0.000,0.2,0.352,34.0,0.859,0.194,0.0,,,,0.0,,,0.0,0.138,,0.0,
49,"""20112""","Noodles, egg, spinach, enriched, cooked",160.0,1.0 cup,0.578,0.558,,1.14,0.392,0.582,0.000,,34.0,,,,0.242,,,,,,,,,,,,3.7,,3571,,,,,,,10,,0,,,,2.358,0.128,,0.104,0.077,,,,,,,,0.251,,,883,,0.008,,,,,,,,,,,,,0.197,0.000,0.22,0.789,161.8,16,0.000,0.182,,0.99,,0.000,0.99,,0.000,,,,,,,0.482,59.0,,0.755,2.51,0.075,,,,165.0,211.0,,0.107,,53,0.238,,34.9,69,0.507,102,0.349,0.464,91.0,0.0,41.1,0.413,0.0,41.1,0.413,38.8,,,0.0,6,,,,,0.344,,0.000,0.2,0.390,38.0,0.712,0.170,,,,,0.0,,,,,,,
50,"""20111""","Noodles, egg, spinach, enriched, dry",38.0,1.0 cup,0.398,0.385,,,,,,,,,,,0.166,,,,,,,,,,,,2.6,,,,,,,,,,,,,,,2.498,0.098,,0.072,0.052,,,,,,,,0.174,,,607,,0.006,,,,,,,,,,,,,0.181,,0.15,0.543,,,,,,0.68,,,0.68,,,,,,,,,0.332,135.0,,0.521,1.73,0.052,,,,120.0,145.0,,0.074,,36,0.164,,,60,0.388,93,0.241,0.320,73.0,,,,,,,26.72,,,,,,,,,0.237,,,,,,0.490,0.117,,,,,,,,,,,,
51,"""20410""","Noodles, egg, unenriched, cooked, without added salt",160.0,1.0 cup,0.67,0.883,0.00,0.64,0.048,0.584,0.000,,11.0,,,,0.219,,,0.0,,,,,,,,,1.9,,61,,,,,,,10,,0,,,,0.64,0.157,,0.117,0.045,0.11,,,,,,,0.221,,0.48,925,,0.008,,,,,,,0.96,0.254,19.0,,,,0.032,0.000,0.14,0.93,0.0,10,0.000,0.074,,0.8,0.00,,0.8,0.00,,,,,,,0.0,0.835,61.0,30.7,0.792,3.31,0.072,,,,34.0,221.0,,0.069,,46,0.15,,38.2,0,0.504,11,0.304,0.546,122.0,0.0,41.1,0.411,0.0,41.1,0.411,40.26,,,0.0,6,,,,,0.307,,0.000,0.2,0.352,34.0,0.859,0.194,0.0,,,,0.0,,,0.0,0.138,,0.0,
52,"""20118""","Noodles, flat, crunchy, Chinese restaurant",45.0,1.0 cup,2.219,7.627,,0.11,0.088,,0.000,,8.0,0.906,1.48,,,,,,,,0.0,,,0.007,,0.005,0.9,0.000,24,,,,,,,,,0,,,,1.134,0.055,0.013,0.585,0.908,,0.0,8,0.001,0.0,8,0.001,,,,981,0.012,0.012,,,,0.050,2.22,0,,,,0.000,0,0.002,0.050,,0.00,3.428,2.8,0,0.000,0.012,0.045,0.5,,0.000,0.5,,0.000,0.022,170.0,0.0,,,,6.709,40.0,,,,,0.05,,,0.0,234.0,0.005,,,,,,,0,0.163,8,,,,0.0,3.6,,0.0,3.6,,23.36,0.000,,0.0,,3.275,6.649,,0.159,,,,0.0,,9.0,3.286,,,0.001,0.002,0.061,0.0,,,,,,,
53,"""20115""","Noodles, japanese, soba, cooked",114.0,1.0 cup,0.022,0.035,,,,,,,,,,,0.244,,,,,,,,,,,,,,,,,,,,,0,,,,,,0.581,0.009,,0.001,0.002,,,,,,,,0.202,,,472,,0.001,,,,,,,,,,,,,0.030,,0.00,0.03,,0,0.000,0.046,,0.44,,,0.44,,,,,,,,,0.033,40.0,,0.349,0.11,0.001,,,,0.0,113.0,,0.082,,0,0.12,,,0,0.426,8,0.222,0.015,28.0,,,,,,,24.44,,,,,,,,,0.361,,0.000,0.0,0.284,10.0,0.029,0.136,,,,,,,,,,,,
54,"""20114""","Noodles, japanese, soba, dry",57.0,2.0 oz,0.078,0.125,,,,,,,,,,,0.346,,,,,,,,,,,,,,,,,,,,,0,,,,,,1.83,0.131,,0.005,0.009,,,,,,,,0.287,,,801,,0.002,,,,,,,,,,,,,0.074,,0.00,0.105,,0,0.001,0.137,,1.94,,,1.94,,,,,,,,,0.116,144.0,,0.495,0.4,0.002,,,,0.0,192.0,,0.116,,0,0.17,,,0,0.736,34,0.315,0.053,145.0,,,,,,,42.53,,,,,,,,,0.512,,0.002,0.0,0.403,54.0,0.103,0.193,,,,,,,,,,,,
55,"""20117""","Noodles, japanese, somen, cooked",176.0,1.0 cup,0.044,0.128,,,,,,,,,,,0.136,,,,,,,,,,,,,,,,,,,,,0,,,,,,0.171,0.044,,0.005,0.011,,,,,,,,0.187,,,964,,0.000,,,,,,,,,,,,,0.058,,0.00,0.037,,0,,,,0.63,,,0.63,,,,,,,,,0.116,51.0,,0.774,0.32,,,,,0.0,231.0,,0.09,,0,0.185,,,0,0.442,4,0.273,0.039,48.0,,,,,,,48.47,,,,,,,,,0.26,,,0.0,0.301,4.0,0.037,0.143,,,,,,,,,,,,
56,"""20116""","Noodles, japanese, somen, dry",57.0,2.0 oz,0.066,0.188,,,,,0.000,,8.0,,,,0.124,,,,,,,,,,,,2.5,,,,,,,,,0,,,,,,0.499,0.082,,0.007,0.017,,,,,,,,0.171,,,849,,0.001,,,,,,,,,,,,,0.015,,0.00,0.054,,0,0.000,0.029,,2.59,,0.000,2.59,,0.000,,,,,,,0.172,93.0,,0.712,0.46,0.000,,,,0.0,203.0,,0.083,,0,0.17,,4.7,0,0.273,8,0.25,0.058,46.0,,,,,,,42.24,,,,,,,,,0.238,,0.000,0.0,0.276,16.0,0.054,0.131,,,,,,,,,,,,
57,"""20034""","Oat bran, cooked",219.0,1.0 cup,0.357,0.742,,,,,,,,,,,0.285,,,,,,,,,,,,5.7,,,,,,,,,0,,,,,,0.315,0.145,,0.020,0.033,,,,,,,,0.188,,,366,,0.004,,,,,,,,,,,,,0.074,,0.00,0.637,,0,0.007,0.055,,1.07,,,1.07,,,,,,,,,0.71,201.0,,0.368,1.88,0.004,,,,0.0,88.0,,0.125,,0,0.25,,16.9,0,2.111,13,0.25,0.302,261.0,,,,,,,25.05,,,,,,,,,0.48,,,0.0,0.361,88.0,0.635,0.153,,,,,,,,,,,,
58,"""20033""","Oat bran, raw",94.0,1.0 cup,1.248,2.600,,1.36,1.100,1.292,0.000,,49.0,,,,0.714,,,0.08,,0.000,,,,,,,14.5,,169,,,,,,,,,0,,,,0.878,0.379,,0.067,0.114,,,,,,,,0.472,,,967,,0.015,,,,,,,0.0,0.890,55.0,,,,0.207,,0.00,2.233,3.0,0,0.024,0.155,,2.72,0.09,0.000,2.72,0.09,0.000,,,,,,,2.486,532.0,18.4,0.923,6.61,0.013,,,,0.0,231.0,,0.315,,0,0.628,,42.5,0,5.292,49,0.628,1.060,690.0,0.0,30.3,0.837,0.0,30.3,0.837,62.25,,,0.0,,,,,,1.202,,0.000,0.0,0.906,221.0,2.220,0.385,,,,,0.0,,,0.0,0.315,,,
59,"""20132""","Oat flour, partially debranned",104.0,1.0 cup,1.671,3.462,0.00,0.83,0.720,,0.000,,33.0,,,,,,,,,,,,,,,,6.8,,187,,,,,,,,,0,,,,1.533,0.454,,0.090,0.151,0.10,,,,,,,,,,1756,,0.015,,,,,,,,,,,,,0.130,,0.00,2.981,3.3,0,0.030,0.13,,2.05,,0.000,2.05,,0.000,,,,,,,3.312,386.0,31.9,,,,,,,0.0,420.0,,,,,,,,0,4.180,33,,,,0.0,31.1,,0.0,31.1,,68.33,,,0.0,,,,,,,,,0.0,,150.0,2.966,,,,,,0.0,,,,,,,
60,"""20038""",Oats (Includes foods for USDA's Food Distribution Program),156.0,1.0 cup,1.899,3.955,,,,,,,,,,,1.094,,,,,,,,,,,,16.5,,,,,,,,,0,,,,,,1.499,0.977,,0.101,0.173,,,,,,,,0.897,,,2540,,0.023,,,,,,,,,,,,,0.217,,0.00,3.398,,0,0.037,0.186,,2.68,,,2.68,,,,,,,,,3.781,669.0,,1.457,10.76,0.020,,,,0.0,607.0,,0.365,,0,0.894,,,0,7.669,87,1.083,1.613,816.0,0.0,,1.170,0.0,,1.170,103.38,,,,,,,,,1.86,,,0.0,1.462,276.0,3.377,0.632,,,,,,,,,,,,
61,"""20321""","Pasta, cooked, enriched, with added salt",124.0,1.0 cup spaghetti not packed,0.218,0.404,0.04,0.69,0.340,0.538,0.000,,9.0,0.03,0.07,0.363,0.162,,,0.0,,,0.0,2.502,0.340,,,0.0,2.2,,9,,,,,,0.0,,,0,,7.19,0,2.094,0.124,0.000,0.017,0.030,0.05,0.0,148,,0.0,148,,0.252,0.000,0.50,812,0.000,0.007,,,,,,,0.62,0.241,9.0,,,,0.169,,0.00,0.162,,0,0.007,0.061,0.000,0.68,0.00,,0.68,0.00,,,,,,,0.0,0.366,55.0,,0.854,1.15,0.000,,,,0.0,195.0,,0.1,32.25,0,0.133,0.000,32.7,82,0.399,91,0.278,0.185,72.0,0.0,,0.336,0.0,,0.336,37.93,,,0.0,,0.162,,,,0.258,,0.000,0.0,0.320,22.0,,0.162,0.6,,,,0.0,,,0.0,0.079,,0.0,
62,"""20121""","Pasta, cooked, enriched, without added salt",124.0,1.0 cup spaghetti not packed,0.218,0.404,0.04,0.69,0.340,0.538,0.000,,9.0,0.03,0.07,0.363,0.162,,8.7,0.0,,,0.0,2.502,0.340,,,0.0,2.2,,9,,,,,,0.0,,,0,,7.19,0,2.094,0.124,0.000,0.017,0.030,0.05,0.0,148,,0.0,148,,0.252,0.000,0.50,818,0.000,0.007,,,,,,,0.62,0.241,9.0,,,,0.169,,0.00,0.162,,0,0.007,0.061,0.000,0.33,0.00,,0.33,0.00,,,,,,,0.0,0.366,55.0,84.3,0.854,1.15,0.000,,,,0.0,196.0,,0.1,32.25,0,0.133,0.000,32.7,82,0.399,91,0.278,0.185,72.0,0.0,7.9,0.336,0.0,7.9,0.336,38.27,,,0.0,,0.162,,,,0.258,,0.000,0.0,0.320,22.0,,0.162,0.6,,,,0.0,,,0.0,0.079,,0.0,
63,"""20521""","Pasta, cooked, unenriched, with added salt",124.0,1.0 cup spaghetti not packed,0.218,0.396,0.04,0.69,0.025,0.546,0.000,,9.0,0.033,0.07,0.368,0.165,,,0.0,,,0.0,2.537,0.345,,,0.0,2.2,,,,,,,,0.0,,,,0.000,7.19,,0.496,0.124,0.000,0.017,0.030,0.05,0.0,9,,0.0,9,,0.255,0.000,0.50,812,0.000,0.007,,,,,,,0.62,0.243,9.0,,,,0.025,,0.00,0.435,0.0,,0.007,0.061,0.000,0.68,0.00,,0.68,0.00,,,,,0.00,,,0.366,55.0,,0.866,1.15,0.000,,,,,,,0.103,32.25,0,0.134,0.000,32.7,0,0.399,9,0.283,0.185,72.0,,,,,,,37.93,,,,,,,,,0.262,,0.000,0.0,0.325,22.0,0.162,0.164,0.6,,,,,,,0.0,0.081,,0.0,
64,"""20421""","Pasta, cooked, unenriched, without added salt",124.0,1.0 cup spaghetti not packed,0.218,0.404,0.04,0.69,0.025,0.546,0.000,,9.0,0.03,0.07,0.368,0.165,,,0.0,,,0.0,2.537,0.345,,,0.0,2.2,,9,,,,,,0.0,,,0,,7.19,0,0.496,0.124,0.000,0.017,0.030,0.05,0.0,9,,0.0,9,,0.255,0.000,0.50,818,0.000,0.007,,,,,,,0.62,0.243,9.0,,,,0.025,,0.00,0.162,,0,0.007,0.061,0.000,0.33,0.00,,0.33,0.00,,,,,,,0.0,0.366,55.0,84.3,0.866,1.15,0.000,,,,0.0,196.0,,0.103,32.25,0,0.134,0.000,32.7,0,0.399,9,0.283,0.185,72.0,0.0,7.9,0.341,0.0,7.9,0.341,38.27,,,0.0,,0.162,,,,0.262,,0.000,0.0,0.325,22.0,0.162,0.164,0.6,,,,0.0,,,0.0,0.081,,0.0,
65,"""20120""","Pasta, dry, enriched",91.0,1.0 cup spaghetti,0.252,0.513,0.10,2.43,0.811,0.899,0.000,,16.0,0.022,0.10,0.608,0.271,,16.4,0.01,,0.000,0.0,4.182,0.568,,,0.0,2.9,,16,,,,,,0.0,,,0,,11.87,0,6.531,0.263,0.000,0.023,0.022,0.11,0.0,356,,0.0,356,,0.42,0.000,1.78,1413,,0.000,,,,,,,0.8,0.401,19.0,,,,0.364,,0.00,0.156,0.1,0,0.000,0.129,,0.8,0.00,,0.8,0.00,,,,,,,0.0,0.491,203.0,129.6,1.428,1.37,0.000,,,,0.0,338.0,,0.168,56.83,0,0.221,0.000,57.5,199,0.834,216,0.465,0.228,172.0,0.0,13.7,0.561,0.0,13.7,0.561,67.95,,,0.0,,0.156,,,,0.431,,0.000,0.0,0.535,48.0,0.156,0.271,0.0,,,,0.0,,,0.0,0.134,,0.0,
66,"""20420""","Pasta, dry, unenriched",91.0,1.0 cup spaghetti,0.252,0.513,0.10,2.43,0.082,0.899,0.000,,16.0,0.022,0.10,0.608,0.271,,,0.01,,0.000,0.0,4.182,0.568,,,0.0,2.9,,,,,,,,0.0,0,,,0.000,11.87,,1.547,0.263,0.000,0.023,0.022,0.11,0.0,16,,0.0,16,,0.42,0.000,1.78,1413,,0.000,,,,,,,0.8,0.401,19.0,,,,0.055,,0.00,0.156,0.1,0,0.000,0.129,,0.8,0.00,,0.8,0.00,,,,,,,0.0,0.491,203.0,,1.428,1.37,0.000,,,,0.0,338.0,,0.168,56.83,0,0.221,0.000,57.5,0,0.834,16,0.465,0.228,172.0,,,,,,,67.95,,,,,,,,,0.431,,0.000,0.0,0.535,48.0,0.156,0.271,0.0,,,,,,,0.0,0.134,,0.0,
67,"""20093""","Pasta, fresh-refrigerated, plain, as purchased",128.0,4.0 oz,0.42,1.206,,,,,,,,,,,0.274,,,,,,,,,,,,,,,,,,,,,18,,,,,,4.288,0.292,,0.047,0.105,,,,,,,,0.378,,,1542,,0.006,,,,,,,,,,,,,0.562,,0.40,0.347,,18,,,,0.84,,,0.84,,,,,,,,,1.101,229.0,,1.571,2.94,,,,,60.0,369.0,,0.183,,93,0.375,,,197,0.700,225,0.552,0.367,209.0,,,,,,,70.05,,,,,,,,,0.526,,,,,,0.347,0.289,,,,,,,,,,,,
68,"""20094""","Pasta, fresh-refrigerated, plain, cooked",128.0,2.0 oz,0.192,0.549,,,,,,,,,,,0.124,,,,,,,,,,,,,,,,,,,,,8,,,,,,1.27,0.119,,0.022,0.047,,,,,,,,0.172,,,701,,0.003,,,,,,,,,,,,,0.192,,0.18,0.159,,8,,,,0.38,,,0.38,,,,,,,,,0.502,31.0,,0.716,1.34,,,,,26.0,168.0,,0.083,,42,0.172,,,73,0.287,82,0.252,0.168,81.0,,,,,,,31.91,,,,,,,,,0.239,,,,,,0.159,0.132,,,,,,,,,,,,
69,"""20095""","Pasta, fresh-refrigerated, spinach, as purchased",128.0,4.0 oz,0.618,0.598,,,,,,,,,,,0.43,,,,,,,,,,,,,,,,,,,,,19,,,,,,4.429,0.252,,0.111,0.082,,,,,,,,0.451,,,1548,,0.009,,,,,,,,,,,,,0.509,,0.40,0.844,,32,,,,1.05,,,1.05,,,,,,,,,0.516,348.0,,1.352,2.69,0.081,,,,308.0,370.0,,0.192,,93,0.425,,,155,1.000,227,0.625,0.497,189.0,,,,,,,71.32,,,,,,,,,0.614,,,,,,0.762,0.303,,,,,,,,,,,,
70,"""20096""","Pasta, fresh-refrigerated, spinach, cooked",57.0,2.0 oz,0.124,0.120,,,,,,,,,,,0.086,,,,,,,,,,,,,,,,,,,,,3,,,,,,0.576,0.046,,0.022,0.017,,,,,,,,0.09,,,310,,0.002,,,,,,,,,,,,,0.076,,0.08,0.169,,6,,,,0.21,,,0.21,,,,,,,,,0.103,21.0,,0.27,0.54,0.016,,,,59.0,74.0,,0.038,,19,0.085,,,26,0.180,36,0.125,0.099,32.0,,,,,,,14.27,,,,,,,,,0.123,,,,,,0.152,0.061,,,,,,,,,,,,
71,"""20654""","Pasta, gluten-free, brown rice flour, cooked, TINKYADA",169.0,1.0 cup spaghetti not packed,0.343,0.754,0.00,0.0,0.161,0.446,0.000,,7.0,0.024,0.00,0.294,0.352,0.000,,0.0,0.002,0.012,0.208,0.808,0.488,,,0.0,2.9,,0,,,,,,,,,0,,5.85,0,2.476,0.117,0.002,0.051,0.024,0.00,0.0,7,,0.0,7,,0.184,,0.00,975,0.002,0.022,,,,0.002,105.29,0,0.0,0.260,8.0,,0,0.005,0.139,0.007,0.00,1.007,0.5,0,0.000,0.127,0.007,0.64,0.00,,0.64,0.00,,0.003,7.0,0.0,,,0.0,0.723,42.0,,0.262,2.82,0.003,0.002,,0.00,0.0,233.0,,0.068,52.32,0,0.252,0.014,18.8,0,2.074,7,0.193,0.230,147.0,0.0,4.6,0.294,0.0,4.6,0.294,54.42,0.000,,0.0,,0.782,0.722,,0.439,0.521,,0.002,0.0,0.226,61.0,0.782,0.142,,,0.000,0.003,0.0,,,0.0,0.134,,0.0,
72,"""20657""","Pasta, gluten-free, corn and rice flour, cooked",141.0,1.0 cup spaghetti,0.211,0.464,0.00,0.0,0.071,0.637,0.000,,6.0,0.018,0.00,0.247,0.231,0.000,,0.0,0.003,0.004,0.141,0.767,0.247,,,0.0,2.0,0.000,760,,,,,,,,,0,,4.51,0,0.338,0.028,0.003,0.041,0.018,0.00,0.0,6,,0.0,6,,0.145,,0.00,1055,0.003,0.007,,,,0.003,81.31,0,0.0,0.145,3.0,0.000,45,0.004,0.111,0.003,0.00,0.365,0.0,6,0.000,0.052,0.003,0.1,0.00,,0.1,0.00,,0.001,6.0,0.0,,,0.0,0.444,34.0,,0.492,1.41,0.001,0.003,,0.00,100.0,252.0,0.000,0.028,50.97,0,0.203,0.004,3.1,0,0.133,6,0.145,0.149,47.0,0.0,2.4,0.231,0.0,2.4,0.231,53.65,0.000,,30.0,0,0.216,0.443,,0.197,0.217,,0.000,0.0,0.145,16.0,0.219,0.130,,,0.000,0.006,0.0,,,0.0,0.102,,0.0,
73,"""20655""","Pasta, gluten-free, corn flour and quinoa flour, cooked, ANCIENT HARVEST",166.0,1.0 cup spaghetti packed,0.252,1.572,0.00,0.5,0.199,0.589,0.000,,13.0,0.053,0.38,0.246,0.262,0.003,,,,,0.282,0.770,0.310,0.002,,0.0,5.5,0.000,217,,,,,,,,,0,,5.36,0,0.747,0.106,0.003,0.060,0.053,0.00,0.0,13,,0.0,13,,0.164,,0.00,1059,0.007,0.008,,,,0.005,104.91,10,,,,0.000,5,0.005,0.154,0.005,0.00,1.101,0.0,2,0.002,0.083,0.007,0.65,,0.003,0.65,,0.003,0.005,7.0,0.0,,,0.0,1.514,105.0,,0.475,3.44,0.005,0.005,,0.50,18.0,252.0,0.000,0.033,46.36,0,0.196,0.012,3.7,0,0.342,13,0.148,0.146,151.0,0.0,9.6,0.246,0.0,9.6,0.246,51.64,0.000,,0.0,,0.787,1.509,,0.349,0.295,,0.003,0.0,0.179,68.0,0.792,0.148,,0.000,0.002,0.01,0.0,,,,,,0.0,
74,"""20092""","Pasta, gluten-free, corn, cooked",140.0,1.0 cup,0.143,0.455,,,,,0.000,,8.0,,,,0.104,,,,,,,,,,,,6.7,,,,,,,,,0,,,,,,0.778,0.09,,0.015,0.014,,,,,,,,0.139,,,738,,0.000,,,,,,,,,,,,,0.032,,0.00,0.267,,4,0.000,0.081,,0.59,,0.000,0.59,,0.000,,,,,,,0.442,43.0,,0.321,1.02,0.001,,,,80.0,176.0,,0.027,,0,0.15,,3.9,0,0.214,8,0.132,0.122,106.0,,,,,,,39.07,,,,,,,,,0.183,,0.000,,,,0.267,0.112,,,,,,,,,,,,
75,"""20091""","Pasta, gluten-free, corn, dry",105.0,1.0 cup,0.304,0.970,,,,,0.000,,26.0,,,,0.221,,,,,,,,,,,,11.6,,,,,,,,,0,,,,,,2.551,0.212,,0.035,0.029,,,,,,,,0.294,,,1569,,0.000,,,,,,,,,,,,,0.091,,0.00,0.57,,9,0.000,0.216,,1.26,,0.000,1.26,,0.000,,,,,,,0.941,309.0,,0.684,2.18,0.001,,,,178.0,375.0,,0.056,,0,0.318,,8.3,0,0.507,26,0.28,0.259,266.0,,,,,,,83.22,,,,,,,,,0.391,,0.000,,,,0.568,0.239,,,,,,,,,,,,
76,"""20097""","Pasta, homemade, made with egg, cooked",57.0,2.0 oz,0.233,0.297,,,,,,,,,,,0.094,,,,,,,,,,,,,,,,,,,,,10,,,,,,0.716,0.032,,0.055,0.026,,,,,,,,0.095,,,310,,0.002,1.0,0.66,0.082,,,,,,,,,,0.099,0.000,0.06,0.29,,10,0.000,0.021,,0.42,,0.000,0.42,,0.000,,,,,,,0.262,12.0,,0.283,0.99,0.017,,,,33.0,74.0,,0.038,,23,0.089,,,14,0.104,25,0.127,0.172,30.0,,,,,,,13.42,,,,,,,,,0.127,,0.000,,,,0.270,0.063,,,,,,,,,,,,
77,"""20098""","Pasta, homemade, made without egg, cooked",57.0,2.0 oz,0.08,0.290,,,,,,,,,,,0.048,,,,,,,,,,,,,,,,,,,,,0,,,,,,0.766,0.034,,0.017,0.031,,,,,,,,0.066,,,296,,0.001,1.0,0.64,0.07,,,,,,,,,,0.084,,0.00,0.107,,0,,,,0.38,,,0.38,,,,,,,,,0.258,11.0,,0.274,0.56,0.001,,,,0.0,71.0,,0.032,,0,0.066,,,15,0.110,25,0.096,0.062,23.0,,,,,,,14.32,,,,,,,,,0.092,,,,,,0.105,0.051,,,,,,,,,,,,
78,"""20653""","Pasta, whole grain, 51% whole wheat, remaining enriched semolina, dry (Includes foods for USDA's Food Distribution Program)",91.0,1.0 cup spaghetti,0.295,0.770,0.18,2.0,0.501,,0.000,,54.0,0.048,,,,,,,,,0.0,,,0.001,,0.002,10.3,0.000,,0.0,,,,,,,,,,,,7.853,0.355,0.002,0.024,0.048,0.18,0.0,139,,0.0,139,,,,,1373,0.000,0.003,,,,0.002,8.4,,,,,0.000,,0.003,0.285,0.000,,0.219,0.8,,0.000,0.218,0.004,1.57,,0.001,1.57,,0.001,0.003,11.0,0.0,0.00,,,0.72,289.0,,,,,0.002,,0.36,,,,,,,,,,50,1.920,104,,,,,,,,,,66.7,0.000,,,,,0.719,,0.637,,,,,,,0.207,,0.0,,0.000,0.002,,,,,,,0.0,
79,"""20136""","Pasta, whole grain, 51% whole wheat, remaining unenriched semolina, cooked",116.0,1.0 cup spaghetti not packed,0.277,0.677,0.08,0.99,0.182,,0.000,,23.0,0.045,0.12,,,,,0.7,0.000,0.007,0.0,,,,,0.0,5.3,0.000,,,,,,,,,,,,,,3.349,0.231,0.001,0.023,0.045,0.08,0.0,23,,0.0,23,,,,,771,0.000,0.005,,,,0.000,70.44,,0.07,,14.0,0.000,,0.003,0.119,0.000,,0.198,,,0.000,0.113,0.002,0.52,0.00,,0.52,0.00,,0.002,7.0,0.0,0.00,,,0.632,89.0,,,,,0.0,,0.23,,,,,,,,,,0,1.197,23,,,,,,,,,,36.55,0.000,,,,,0.632,,0.267,,,,,,,0.190,,,,,0.0,,,,0.0,,,0.0,
80,"""20135""","Pasta, whole grain, 51% whole wheat, remaining unenriched semolina, dry",91.0,1.0 cup spaghetti,0.319,0.844,0.18,2.37,0.338,,0.000,,54.0,0.056,0.15,,,,,1.29,0.000,0.010,0.0,,,0.001,,0.002,9.2,0.000,,0.0,0.14,,,,,,,,,,,7.233,0.388,0.001,0.024,0.056,0.18,0.0,54,,0.0,54,,,,,1379,0.000,0.004,,,,0.002,8.05,,0.58,,25.0,0.000,,0.003,0.176,0.000,,0.256,0.8,,0.000,0.255,0.004,1.7,0.00,0.001,1.7,0.00,0.001,0.003,10.0,0.0,0.00,,,0.787,333.0,,,,,0.002,,0.55,,,,,,,,,,0,2.040,54,,,,,,,,,,66.52,0.000,,,,,0.785,,0.728,,,,,,,0.241,,0.0,,0.000,0.002,,,,0.0,,,0.0,
81,"""20125""","Pasta, whole-wheat, cooked (Includes foods for USDA's Food Distribution Program)",117.0,1.0 cup spaghetti not packed,0.284,0.672,0.08,0.88,0.183,0.479,0.000,,25.0,0.042,0.27,0.349,0.156,0.000,,1.36,0.000,0.007,0.0,2.427,0.316,,,0.0,4.6,0.000,110,0.0,0.21,0.218,,,,,,0,,,,3.657,0.263,0.001,0.025,0.042,0.08,0.0,25,,0.0,25,,0.188,0.000,0.47,731,0.000,0.005,,,,,72.31,0,0.11,0.254,15.0,0.000,2,0.004,0.116,,0.00,0.206,0.7,0,0.000,0.109,0.004,0.51,0.00,,0.51,0.00,,0.002,5.0,0.0,,,0.0,0.629,112.0,,0.746,2.0,0.002,0.0,,0.23,5.0,174.0,0.000,0.09,29.85,0,0.183,0.002,42.5,0,1.546,25,0.271,0.242,149.0,0.0,7.6,0.342,0.0,7.6,0.342,35.18,0.000,,0.0,,0.197,0.629,,0.314,0.247,,0.000,0.0,0.303,63.0,0.197,0.164,0.0,,,0.0,0.0,,,0.0,0.113,,0.0,
82,"""20124""","Pasta, whole-wheat, dry (Includes foods for USDA's Food Distribution Program)",91.0,1.0 cup spaghetti,0.389,1.034,0.27,2.49,0.370,,0.000,,63.0,0.064,0.42,,,,,2.54,0.000,0.012,0.0,,,0.001,,0.002,8.4,0.000,,0.0,0.36,,,,,0,,,,,,7.909,0.452,0.002,0.029,0.064,0.22,0.0,63,,0.0,63,,,,,1339,0.000,0.005,,,,0.002,7.47,,0.79,,26.0,0.000,,0.004,0.198,,0.00,0.329,1.3,,0.000,0.258,0.004,1.47,0.00,0.002,1.47,0.00,0.002,0.003,5.0,0.0,0.00,,,0.967,395.0,,,,,0.002,,0.62,,,,,,,,,,0,2.715,63,,,,,,,,,,66.77,0.000,,,,,0.966,,0.792,,,,0.0,,116.0,0.309,,0.0,0.000,0.001,0.002,,,,0.0,,,0.0,
83,"""20137""","Quinoa, cooked",185.0,1.0 cup,0.427,1.994,,1.61,0.198,0.483,0.000,,78.0,,,,0.442,,,0.0,,0.057,,,,,,,5.2,,98,,,,,,,,,0,,,,0.762,0.355,,0.022,0.157,,,,,,,,0.242,,,931,,0.000,,,,,,,2.2,0.400,31.0,,,,0.204,,0.00,0.977,,0,0.000,0.228,,1.41,0.20,0.050,1.41,0.20,0.050,,,,,,,1.802,318.0,,0.444,3.55,0.000,,,,9.0,222.0,,0.096,32.62,0,0.154,,5.2,0,1.167,78,0.29,0.363,281.0,0.0,42.5,0.326,0.0,42.5,0.326,39.41,,,0.0,,,,,,0.629,,0.000,0.0,0.342,118.0,0.860,0.235,,,,,0.0,,,0.0,0.178,,,
84,"""20035""","Quinoa, uncooked",170.0,1.0 cup,1.2,5.596,,,,,,,,,,,1.302,,,0.0,,0.158,0.0,3.171,1.928,,,0.0,11.9,,277,1.9,0.00,1.000,,,,0,,,,,,2.584,1.003,0.000,0.063,0.442,,0.0,313,,0.0,313,,0.716,,,2616,,0.000,,,,,,,7.74,1.180,80.0,,,,0.541,,0.00,2.742,0.0,2,0.000,0.828,0.051,4.05,0.59,0.141,4.05,0.59,0.141,,,,,,,5.061,957.0,1071.7,1.314,10.32,0.000,,,,24.0,626.0,0.029,0.284,88.77,0,0.454,0.051,14.4,0,3.456,313,0.857,1.020,777.0,,,,,,,109.07,,,0.0,,,,,,1.855,,0.000,0.0,1.010,335.0,2.414,0.692,0.0,,,,,,,0.0,0.525,,,
85,"""20060""","Rice bran, crude",118.0,1.0 cup,4.922,8.802,0.24,1.06,3.249,1.206,0.000,,74.0,,,,0.767,,,,,,,,,,,,24.8,,260,,,,,,,,,0,,,,40.114,0.859,,0.440,0.373,0.24,,,,,,,0.655,,,1560,,0.092,,,,,,,,,,,,,0.335,,0.00,8.908,2.2,0,0.022,4.803,,11.78,,0.000,11.78,,0.000,,,,,,,8.429,1752.0,,0.788,24.6,0.088,,,,0.0,373.0,,0.127,,0,0.485,,18.4,0,16.768,74,0.67,4.197,1979.0,0.0,38.0,0.781,0.0,38.0,0.781,58.63,,,0.0,,,,,,1.248,,0.000,0.0,1.040,922.0,8.820,0.419,,,,,0.0,,,,,,,
86,"""20090""","Rice flour, brown",158.0,1.0 cup,0.88,1.574,,1.04,0.700,0.945,,,,,,,0.436,,,,,,,,,,,,7.3,,,,,,,,,0,,,,,,10.017,0.363,,0.079,0.066,,,,,,,,0.419,,,2400,,0.016,,,,,,,,,,,,,0.126,,0.00,1.593,,,0.005,1.163,,2.43,,,2.43,,,,,,,,,1.507,457.0,,0.536,4.39,0.016,,,,0.0,574.0,,0.145,,0,0.428,,,0,6.341,25,0.483,0.750,532.0,0.0,,0.591,0.0,,0.591,120.84,,,,,,,,,0.866,,,0.0,0.670,177.0,1.577,0.291,,,,,,,,,,,,
87,"""20061""","Rice flour, white, unenriched",158.0,1.0 cup,0.61,0.599,,0.19,0.218,0.771,0.000,,6.0,,,,0.327,,,,,,,,,,,,3.8,,0,,,,,,,,,0,,,,4.092,0.205,,0.041,0.106,,,,,,,,0.332,,,2419,,0.013,,,,,,,,,,,,,0.033,,0.00,0.698,,0,0.000,0.689,,0.96,,0.000,0.96,,0.000,,,,,,,0.495,120.0,,0.439,2.24,0.008,,,,0.0,578.0,,0.114,,0,0.496,,23.9,0,1.896,6,0.386,0.545,155.0,0.0,9.2,0.490,0.0,9.2,0.490,126.61,,,0.0,,,,,,0.815,,0.000,0.0,0.550,55.0,0.689,0.235,,,,,0.0,,,,,,,
88,"""20134""","Rice noodles, cooked",176.0,1.0 cup,0.04,,,0.05,0.032,0.259,0.000,,2.0,,,,0.109,,,,,,,,,,,,1.8,,0,,,,,,,,,0,,,,0.127,0.067,,0.004,0.007,,,,,,,,0.111,,,799,,0.000,,,,,,,,,,,,,0.007,,0.00,0.046,,0,0.000,0.011,,0.32,,0.000,0.32,,0.000,,,,,,,0.033,7.0,,0.146,0.35,0.000,,,,0.0,190.0,,0.039,,0,0.165,,7.9,0,0.201,2,0.128,0.037,35.0,0.0,2.8,0.164,0.0,2.8,0.164,42.26,,,0.0,,,,,,0.273,,0.000,0.0,0.183,5.0,0.046,0.079,,,,,0.0,,,,,,,
89,"""20133""","Rice noodles, dry",57.0,2.0 oz,0.087,0.085,,0.07,0.018,0.278,0.000,,2.0,,,,0.118,,,,,,,,,,,,0.9,,0,,,,,,,,,0,,,,0.126,0.044,,0.006,0.015,,,,,,,,0.12,,,868,,0.002,,,,,,,,,,,,,0.010,,0.00,0.1,,0,0.000,0.009,,0.48,,0.000,0.48,,0.000,,,,,,,0.071,17.0,,0.158,0.32,0.001,,,,0.0,207.0,,0.041,,0,0.179,,8.6,0,0.284,2,0.139,0.078,87.0,0.0,3.1,0.177,0.0,3.1,0.177,45.7,,,0.0,,,,,,0.294,,0.000,0.0,0.198,7.0,0.098,0.085,,,,,0.0,,,,,,,
90,"""20037""","Rice, brown, long-grain, cooked (Includes foods for USDA's Food Distribution Program)",202.0,1.0 cup,0.525,0.739,0.00,0.48,0.360,0.432,0.000,,18.0,0.022,0.34,0.269,0.2,0.000,,0.12,0.000,0.006,0.0,1.063,0.489,,,0.0,3.2,,0,0.0,0.26,0.305,,,,,,0,,,,5.173,0.214,0.000,0.044,0.022,0.00,0.0,18,,0.0,18,,0.192,,0.00,1038,0.000,0.018,,,,,141.95,0,0.1,0.257,6.0,,0,0.004,0.139,,0.00,0.745,0.4,0,0.004,0.248,0.000,0.89,0.00,,0.89,0.00,,0.002,8.0,0.0,,,0.0,0.717,174.0,1.0,0.244,1.96,0.002,0.0,,0.48,0.0,248.0,,0.067,50.08,0,0.196,0.008,11.7,0,1.967,18,0.22,0.400,208.0,0.0,18.6,0.271,0.0,18.6,0.271,51.67,0.000,,0.0,,0.737,0.717,,0.768,0.396,,0.030,0.0,0.305,79.0,0.737,0.133,0.0,,,0.0,0.0,,,0.93,0.117,0.004,0.0,
91,"""20036""","Rice, brown, long-grain, raw (Includes foods for USDA's Food Distribution Program)",185.0,1.0 cup,1.093,1.850,0.00,1.22,1.001,1.215,0.000,,43.0,0.059,1.11,0.758,0.561,0.000,,0.17,0.000,0.020,0.0,2.993,1.375,,,0.0,6.7,,0,0.0,0.81,0.857,,,,,,0,,,,12.014,0.559,0.000,0.104,0.059,0.00,0.0,43,,0.0,43,,0.538,,0.00,2838,0.000,0.031,,,,0.002,21.83,0,0.35,0.723,17.0,,0,0.004,0.176,,0.00,1.95,1.1,0,0.009,0.882,0.000,2.24,0.00,,2.24,0.00,,0.007,9.0,0.0,,,0.0,1.791,462.0,,0.688,5.92,0.007,0.002,,1.22,0.0,679.0,,0.187,134.14,0,0.551,0.028,31.6,0,5.278,43,0.622,0.851,575.0,0.0,39.8,0.760,0.0,39.8,0.760,141.06,0.000,,0.0,,1.922,1.789,,1.97,1.114,,0.031,0.0,0.862,215.0,1.922,0.374,0.0,,0.000,0.002,0.0,0.11,,2.48,0.331,0.004,0.0,
92,"""20041""","Rice, brown, medium-grain, cooked (Includes foods for USDA's Food Distribution Program)",195.0,1.0 cup,0.322,0.577,,,,,,,,,,,0.172,,,,,,,,,,,,3.5,,,,,,,,,0,,,,,,2.594,0.158,,0.029,0.025,,,,,,,,0.166,,,915,,0.006,,,,,,,,,,,,,0.023,,0.00,0.585,,0,0.002,0.291,,0.76,,,0.76,,,,,,,,,0.552,154.0,,0.213,1.62,0.006,,,,0.0,218.0,,0.058,,0,0.17,,,0,2.139,8,0.191,0.275,150.0,,,,,,,45.84,,,,,,,,,0.341,,,0.0,0.265,86.0,0.579,0.115,,,,,,,,,,,,
93,"""20040""","Rice, brown, medium-grain, raw (Includes foods for USDA's Food Distribution Program)",190.0,1.0 cup,1.018,1.822,,,,,,,,,,,0.543,,,,,,,,,,,,6.5,,,,,,,,,0,,,,,,8.185,0.526,,0.091,0.078,,,,,,,,0.523,,,2878,,0.019,,,,,,,,,,,,,0.082,,0.00,1.845,,0,0.004,0.967,,2.41,,,2.41,,,,,,,,,1.744,509.0,,0.669,5.09,0.019,,,,0.0,688.0,,0.182,,0,0.534,,,0,7.112,38,0.604,0.868,502.0,0.0,,0.737,0.0,,0.737,144.72,,,,,,,,,1.081,,,0.0,0.836,272.0,1.826,0.361,,,,,,,,,,,,
94,"""20651""","Rice, brown, parboiled, cooked, UNCLE BENS",155.0,1.0 cup,0.33,0.417,0.00,0.23,0.150,,0.000,,6.0,0.012,0.00,,,,,0.0,,0.003,0.0,,,,,0.0,2.6,0.000,,0.0,0.17,,,,,,,,,,,2.95,0.2,0.000,0.031,0.012,0.00,0.0,,,0.0,,,,,,952,0.000,0.012,,,,0.000,99.79,,0.0,,5.0,0.000,,0.003,0.109,0.002,,0.465,0.6,,0.005,0.171,0.000,0.54,0.00,,0.54,0.00,,0.002,6.0,0.0,0.00,,,0.401,95.0,,,,,0.0,,0.23,,,,,,,,,,,,,,,,,,,,,,48.56,0.000,,,,,0.401,,0.426,,,,,,,0.460,,0.0,,,0.0,,,,0.47,,0.003,0.0,
95,"""20042""","Rice, brown, parboiled, dry, UNCLE BEN'S",48.0,0.25 cup,0.231,0.404,0.00,0.24,0.133,,0.000,,7.0,0.012,0.04,,,,,0.0,,0.005,0.0,,,,,0.0,1.7,0.000,0,0.0,0.09,,,,,,,0,,,,2.387,0.157,0.000,0.022,0.012,0.00,0.0,7,0.000,0.0,7,0.000,,,,743,0.000,0.006,,,,0.000,4.71,0,0.1,,4.0,,0,0.001,0.044,0.001,0.00,0.492,0.4,0,0.002,0.195,0.000,0.56,0.00,,0.56,0.00,,0.002,3.0,0.0,,,0.0,0.389,105.0,,,,,0.0,,0.24,0.0,178.0,,,,,,,,0,1.428,7,,,,,,,,,,37.77,0.000,,0.0,,0.485,0.389,,0.43,,,,0.0,,47.0,0.485,,0.0,,0.000,0.0,0.0,,,0.38,,0.001,0.0,
96,"""20055""","Rice, white, glutinous, unenriched, cooked",174.0,1.0 cup,0.068,0.120,,0.09,0.035,0.291,0.000,,2.0,,,,0.127,,,,,,,,,,,,1.7,,0,,,,,,,,,0,,,,0.505,0.085,,0.005,,,,,,,,,0.125,,,706,,0.002,,,,,,,,,,,,,0.023,,0.00,0.122,,0,0.000,0.045,,0.12,,0.000,0.12,,0.000,,,,,,,0.115,17.0,,0.165,0.33,0.002,,,,0.0,169.0,,0.04,,0,0.117,,9.7,0,0.456,2,0.151,0.057,14.0,0.0,3.7,0.184,0.0,3.7,0.184,36.7,,,0.0,,,,,,0.292,,0.000,0.0,0.214,9.0,0.122,0.082,,,,,0.0,,,,,,,
97,"""20054""","Rice, white, glutinous, unenriched, uncooked",185.0,1.0 cup,0.205,0.366,,,,,,,,,,,0.455,,,,,,,,,,,,5.2,,,,,,,,,0,,,,,,3.968,0.316,,0.019,0.015,,,,,,,,0.451,,,2864,,0.004,,,,,,,,,,,,,0.102,,0.00,0.37,,0,0.002,0.198,,0.91,,,0.91,,,,,,,,,0.35,142.0,,0.594,1.02,0.004,,,,0.0,684.0,,0.146,,0,0.422,,27.9,0,1.802,13,0.544,0.174,131.0,,,,,,,151.11,,,,,,,,,1.051,,,0.0,0.770,43.0,0.366,0.296,,,,,,,,,,,,
98,"""20047""","Rice, white, long-grain, parboiled, enriched, cooked",158.0,1.0 cup,0.117,0.144,0.03,0.17,0.335,0.401,0.000,,5.0,,,,0.131,,,,,,,,,,,,1.4,,0,,,,,,,,,0,,,,3.648,0.111,0.000,0.000,0.027,0.02,0.0,215,,0.0,215,,0.166,,0.00,811,,0.000,,,,,,,,,,,,,0.030,,0.00,0.117,,0,0.000,0.246,,0.47,,0.000,0.47,,0.000,,,,,,0.0,0.117,88.0,,0.295,0.58,0.000,,,,0.0,194.0,,0.063,,0,0.133,0.000,14.7,125,0.559,128,0.207,0.117,87.0,0.0,3.3,0.224,0.0,3.3,0.224,41.16,,,0.0,,,,,,0.398,,0.000,0.0,0.288,14.0,0.117,0.114,,,,,0.0,,,,,,0.0,
99,"""20046""","Rice, white, long-grain, parboiled, enriched, dry",185.0,1.0 cup,0.544,0.596,0.04,0.61,1.116,1.214,0.000,,15.0,,,,0.398,,,0.0,,,,,,,,,3.3,,0,,,,,,,,,0,,,,9.339,0.525,0.000,0.031,,0.20,0.0,797,,0.0,797,,0.501,,0.00,2893,,0.000,,,,,,,0.31,0.662,131.0,,,,0.092,,0.00,0.477,0.2,0,0.000,0.836,,1.31,0.00,,1.31,0.00,,,,,,,0.0,0.564,322.0,,0.895,1.91,0.000,,,,0.0,692.0,,0.191,126.34,0,0.4,0.000,36.8,461,1.915,475,0.627,0.512,283.0,0.0,11.1,0.677,0.0,11.1,0.677,149.65,,,0.0,,,,,,1.204,,0.000,0.0,0.869,50.0,0.477,0.342,,,,,0.0,,,0.0,0.339,,0.0,
100,"""20447""","Rice, white, long-grain, parboiled, unenriched, cooked",158.0,1.0 cup,0.117,0.144,0.03,0.17,0.117,0.406,0.000,,5.0,,,,0.13,,,,,,,,,,,,1.4,,,,,,,,,,,,,,,3.648,0.111,0.000,0.000,0.027,0.02,0.0,5,,0.0,5,,0.169,,0.00,811,,0.000,,,,,,,,,,,,,0.030,,0.00,0.117,0.0,,0.000,0.246,,0.47,,0.000,0.47,,0.000,,,,0.00,,,0.117,88.0,,0.295,0.58,0.000,,,,,,,0.062,,0,0.136,0.000,14.7,0,0.559,5,0.21,0.117,87.0,,,,,,,41.16,,,,,,,,,0.404,,0.000,0.0,0.292,14.0,0.117,0.111,,,,,,,,,,,0.0,
101,"""20446""","Rice, white, long-grain, parboiled, unenriched, dry",185.0,1.0 cup,0.544,0.596,0.04,0.61,0.414,1.214,0.000,,15.0,,,,0.398,,,0.0,,,,,,,,,3.3,,,,,,,,,0,,,,,,9.339,0.525,0.000,0.031,,0.20,0.0,15,,0.0,15,,0.501,,0.00,2893,,0.000,,,,,,,0.31,0.662,131.0,,,,0.092,,0.00,0.477,0.2,,0.000,0.836,,1.31,0.00,,1.31,0.00,,,,,,,0.0,0.564,322.0,,0.895,1.91,0.000,,,,0.0,692.0,,0.191,126.34,0,0.4,0.000,36.8,0,1.915,15,0.627,0.512,283.0,0.0,,0.677,0.0,,0.677,149.65,,,,,,,,,1.204,,0.000,0.0,0.869,50.0,0.477,0.342,,,,,,,,0.0,0.339,,0.0,
102,"""20048""","Rice, white, long-grain, precooked or instant, enriched, dry",95.0,1.0 cup,0.144,0.208,0.02,0.05,0.880,0.656,0.000,,2.0,,,,0.21,,,0.0,,,,,,,,,1.8,,0,,,,,,,,,0,,,,6.655,0.168,0.000,0.000,0.016,0.02,0.0,443,,0.0,443,,0.275,,0.00,1511,,0.000,,,,,,,0.18,0.357,21.0,,,,0.027,,0.00,0.137,0.1,0,0.000,0.116,,0.5,0.04,0.000,0.5,0.04,0.000,,,,,,0.0,0.192,26.0,,0.478,0.89,0.000,,,,0.0,361.0,,0.101,70.08,0,0.22,0.000,35.3,259,0.936,261,0.341,0.144,112.0,0.0,5.8,0.361,0.0,5.8,0.361,78.2,,,0.0,,,,,,0.654,,0.000,0.0,0.472,13.0,0.137,0.180,,,,,0.0,,,0.0,0.179,,0.0,
103,"""20049""","Rice, white, long-grain, precooked or instant, enriched, prepared",165.0,1.0 cup,0.028,,0.00,0.0,0.124,0.317,0.000,,2.0,,,,0.101,,,,,,,,,,,,1.0,,0,,,,,,,,,0,,,,2.866,0.061,0.000,,,0.00,0.0,195,,0.0,195,,0.132,,0.00,855,,0.000,,,,,,,,,,,,,0.013,,0.00,0.122,,0,0.000,0.083,,0.36,,0.000,0.36,,0.000,,,,,,,0.028,15.0,,0.231,0.82,0.000,,,,0.0,205.0,,0.05,43.44,0,0.107,0.000,7.9,114,0.566,116,0.165,0.028,61.0,0.0,3.5,0.175,0.0,3.5,0.175,44.15,,,0.0,,,,,,0.315,,0.000,0.0,0.228,8.0,0.122,0.087,,,,,0.0,,,,,,0.0,
104,"""20345""","Rice, white, long-grain, regular, cooked, enriched, with salt",158.0,1.0 cup,0.122,0.120,,0.08,0.258,0.351,0.000,,5.0,,,,0.153,,,,,,,,,,,,0.6,,0,,,,,,,,,0,,,,2.332,0.109,,0.008,0.021,,,,,,,,0.152,,,860,,0.003,,,,,,,,,,,,,0.021,,0.00,0.139,,0,0.000,0.147,,0.65,,0.000,0.65,,0.000,,,,,,,0.098,55.0,,0.201,0.44,0.002,,,,0.0,205.0,,0.049,,0,0.142,,11.8,87,0.746,92,0.183,0.109,68.0,0.0,3.3,0.223,0.0,3.3,0.223,44.51,,,0.0,,,,,,0.354,,0.000,0.0,0.259,19.0,0.137,0.100,,,,,0.0,,,,,,,
105,"""20545""","Rice, white, long-grain, regular, cooked, unenriched, with salt",158.0,1.0 cup,0.122,0.120,,0.08,0.032,0.351,0.000,,5.0,,,,0.153,,,,,,,,,,,,0.6,,0,,,,,,,,,0,,,,0.632,0.109,,0.008,0.021,,,,,,,,0.152,,,860,,0.003,,,,,,,,,,,,,0.021,,0.00,0.139,,0,0.000,0.147,,0.65,,0.000,0.65,,0.000,,,,,,,0.098,55.0,,0.201,0.44,0.002,,,,0.0,205.0,,0.049,,0,0.142,,11.8,0,0.746,5,0.183,0.109,68.0,0.0,3.3,0.223,0.0,3.3,0.223,44.51,,,0.0,,,,,,0.354,,0.000,0.0,0.259,19.0,0.137,0.100,,,,,0.0,,,,,,,
106,"""20045""","Rice, white, long-grain, regular, enriched, cooked",158.0,1.0 cup,0.122,0.120,,0.08,0.258,0.351,0.000,,5.0,,,,0.153,,64.9,,,,,,,,,,0.6,,0,,,,,,,,,0,,,,2.332,0.109,,0.008,0.021,,,,,,,,0.152,,,860,,0.003,,,,,,,,,,,,,0.021,,0.00,0.139,,0,0.000,0.147,,0.65,,0.000,0.65,,0.000,,,,,,,0.098,55.0,0.5,0.201,0.44,0.002,,,,0.0,205.0,,0.049,,0,0.142,,11.8,87,0.746,92,0.183,0.109,68.0,0.0,3.3,0.223,0.0,3.3,0.223,44.51,,,0.0,,,,,,0.354,,0.000,0.0,0.259,19.0,0.137,0.100,,,,,0.0,,,,,,,
107,"""20044""","Rice, white, long-grain, regular, raw, enriched",185.0,1.0 cup,0.333,0.327,0.04,0.22,1.066,1.090,0.000,,15.0,,,,0.477,,,,,,,,,,,,2.4,,0,,,,,,,,,0,,,,7.755,0.407,,0.022,0.057,0.04,,,,,,,0.472,,0.00,2825,,0.007,,,,,,,,,,,,,0.091,,0.00,0.381,0.2,0,0.000,0.303,,1.18,,0.000,1.18,,0.000,,,,,,0.0,0.27,213.0,,0.62,1.22,0.004,,,,0.0,675.0,,0.154,,0,0.44,,27.9,413,2.013,427,0.57,0.298,213.0,0.0,10.7,0.694,0.0,10.7,0.694,147.91,,,0.0,,,,,,1.099,,0.000,0.0,0.805,46.0,0.376,0.311,,,,,0.0,,,,,,0.0,
108,"""20444""","Rice, white, long-grain, regular, raw, unenriched",185.0,1.0 cup,0.333,0.327,,0.22,0.130,1.090,0.000,,15.0,,,,0.477,,,,,,,,,,,,2.4,,0,,,,,,,,,0,,,,2.96,0.407,,0.022,0.057,,,,,,,,0.472,,,2825,,0.007,,,,,,,,,,,,,0.091,,0.00,0.381,0.2,0,0.000,0.303,,1.18,,0.000,1.18,,0.000,,,,,,,0.27,213.0,,0.62,1.22,0.004,,,,0.0,675.0,,0.154,,0,0.44,,27.9,0,2.013,15,0.57,0.298,213.0,0.0,10.7,0.694,0.0,10.7,0.694,147.91,,,0.0,,,,,,1.099,,0.000,0.0,0.805,46.0,0.376,0.311,,,,,0.0,,,,,,,
109,"""20445""","Rice, white, long-grain, regular, unenriched, cooked without salt",158.0,1.0 cup,0.122,0.120,,0.08,0.032,0.351,0.000,,5.0,,,,0.153,,,,,,,,,,,,0.6,,0,,,,,,,,,0,,,,0.632,0.109,,0.008,0.021,,,,,,,,0.152,,,860,,0.003,,,,,,,,,,,,,0.021,,0.00,0.139,,0,0.000,0.147,,0.65,,0.000,0.65,,0.000,,,,,,,0.098,55.0,,0.201,0.44,0.002,,,,0.0,205.0,,0.049,,0,0.142,,11.8,0,0.746,5,0.183,0.109,68.0,0.0,3.3,0.223,0.0,3.3,0.223,44.51,,,0.0,,,,,,0.354,,0.000,0.0,0.259,19.0,0.137,0.100,,,,,0.0,,,,,,,
110,"""20451""","Rice, white, medium-grain, cooked, unenriched",186.0,1.0 cup,0.106,0.104,,,,,,,,,,,0.16,,,,,,,,,,,,,,,,,,,,,0,,,,,,0.744,0.071,,0.007,0.019,,,,,,,,0.158,,,1012,,0.002,,,,,,,,,,,,,0.030,,0.00,0.121,,0,,,,0.39,,,0.39,,,,,,,,,0.086,54.0,,0.208,0.39,0.002,,,,0.0,242.0,,0.052,,0,0.149,,,0,0.701,4,0.192,0.095,69.0,,,,,,,53.18,,,,,,,,,0.368,,,0.0,0.270,24.0,0.119,0.104,,,,,,,,,,,,
111,"""20051""","Rice, white, medium-grain, enriched, cooked",186.0,1.0 cup,0.106,0.104,,,,,,,,,,,0.16,,,,,,,,,,,,0.6,,,,,,,,,0,,,,,,3.413,0.071,,0.007,0.019,,,,,,,,0.158,,,1012,,0.002,,,,,,,,,,,,,0.030,,0.00,0.121,,0,,,,0.39,,,0.39,,,,,,,,,0.086,54.0,,0.208,0.39,0.002,,,,0.0,242.0,,0.052,,0,0.149,,13.9,104,0.701,108,0.192,0.095,69.0,0.0,,0.233,0.0,,0.233,53.18,,,,,,,,,0.368,,,0.0,0.270,24.0,0.119,0.104,,,,,,,,,,,,
112,"""20050""","Rice, white, medium-grain, raw, enriched",195.0,1.0 cup,0.308,0.302,,,,,,,,,,,0.466,,,,,,,,,,,,2.7,,,,,,,,,0,,,,,,9.931,0.214,,0.021,0.053,,,,,,,,0.46,,,2937,,0.006,,,,,,,,,,,,,0.094,,0.00,0.353,,0,,,,1.13,,,1.13,,,,,,,,,0.25,168.0,,0.606,1.13,0.004,,,,0.0,702.0,,0.15,,0,0.431,,29.4,433,2.145,450,0.556,0.275,211.0,,,,,,,154.71,,,,,,,,,1.074,,,0.0,0.786,68.0,0.349,0.302,,,,,,,,,,,,
113,"""20450""","Rice, white, medium-grain, raw, unenriched",195.0,1.0 cup,0.308,0.302,,,,,,,,,,,0.466,,,,,,,,,,,,,,,,,,,,,,,,,,,3.12,0.214,,0.021,0.053,,,,,,,,0.46,,,2937,,0.006,,,,,,,,,,,,,0.094,,0.00,0.353,,,,,,1.13,,,1.13,,,,,,,,,0.25,168.0,,0.606,1.13,0.004,,,,,,,0.15,,0,0.431,,,0,2.145,18,0.556,0.275,211.0,,,,,,,154.71,,,,,,,,,1.074,,,0.0,0.786,68.0,0.349,0.302,,,,,,,,,,,,
114,"""20453""","Rice, white, short-grain, cooked, unenriched",205.0,1.0 cup,0.105,0.102,,,,,,,,,,,0.174,,,,,,,,,,,,,,,,,,,,,,,,,,,0.82,0.148,,0.006,0.018,,,,,,,,0.172,,,1115,,0.002,,,,,,,,,,,,,0.033,,0.00,0.119,,,,,,0.41,,,0.41,,,,,,,,,0.084,53.0,,0.228,0.39,0.002,,,,,,,0.055,,0,0.162,,,0,0.732,4,0.209,0.094,68.0,,,,,,,58.9,,,,,,,,,0.404,,,0.0,0.295,16.0,0.119,0.115,,,,,,,,,,,,
115,"""20053""","Rice, white, short-grain, enriched, cooked",186.0,1.0 cup,0.095,0.093,,,,,,,,,,,0.158,,,,,,,,,,,,,,,,,,,,,0,,,,,,2.777,0.134,,0.006,0.017,,,,,,,,0.156,,,1012,,0.002,,,,,,,,,,,,,0.030,,0.00,0.108,,0,,,,0.37,,,0.37,,,,,,,,,0.076,48.0,,0.206,0.35,0.002,,,,0.0,242.0,,0.05,,0,0.147,,13.9,106,0.664,110,0.19,0.086,61.0,,,,,,,53.44,,,,,,,,,0.366,,,0.0,0.268,15.0,0.108,0.104,,,,,,,,,,,,
116,"""20052""","Rice, white, short-grain, enriched, uncooked",200.0,1.0 cup,0.28,0.276,,,,,,,,,,,0.47,,,,,,,,,,,,5.6,,,,,,,,,0,,,,,,8.226,0.42,,0.020,0.048,,,,,,,,0.466,,,2996,,0.006,,,,,,,,,,,,,0.096,,0.00,0.322,,0,,,,1.08,,,1.08,,,,,,,,,0.228,152.0,,0.612,1.04,0.004,,,,0.0,716.0,,0.15,,0,0.434,,30.2,450,2.074,462,0.562,0.250,190.0,,,,,,,158.3,,,,,,,,,1.084,,,0.0,0.794,46.0,0.318,0.306,,,,,,,,,,,,
117,"""20452""","Rice, white, short-grain, raw, unenriched",200.0,1.0 cup,0.28,0.276,,,,,,,,,,,0.47,,,,,,,,,,,,,,,,,,,,,,,,,,,3.2,0.42,,0.020,0.048,,,,,,,,0.466,,,2996,,0.006,,,,,,,,,,,,,0.096,,0.00,0.322,,,,,,1.08,,,1.08,,,,,,,,,0.228,152.0,,0.612,1.04,0.004,,,,,,,0.15,,0,0.434,,,0,2.074,12,0.562,0.250,190.0,0.0,,0.684,0.0,,0.684,158.3,,,,,,,,,1.084,,,0.0,0.794,46.0,0.318,0.306,,,,,,,,,,,,
118,"""20063""","Rye flour, dark",128.0,1.0 cup,0.344,1.339,0.29,2.96,0.404,1.097,0.000,,42.0,,,,0.433,,,,,,,,,,,,30.5,,269,,,,,,,,,0,,,,5.466,0.717,,0.012,0.188,0.28,,,,,,,0.627,,0.09,1741,,0.004,,,,,,,,,,,,,0.321,,0.00,0.364,7.6,1,0.000,0.567,,3.2,,0.000,3.2,,0.000,,,,,,0.0,1.151,918.0,,1.298,2.84,0.013,,,,14.0,416.0,,0.23,,0,0.347,,23.0,0,7.759,42,0.452,0.326,639.0,0.0,38.9,0.872,0.0,38.9,0.872,87.85,,,0.0,,,,,,0.978,,0.000,0.0,0.637,205.0,0.335,0.298,,,,,0.0,,,,,,0.0,
119,"""20065""","Rye flour, light",102.0,1.0 cup,0.153,0.596,0.09,0.95,0.338,0.567,0.000,,23.0,,,,0.214,,,,,,,,,,,,8.2,,214,,,,,,,,,0,,,,0.816,0.217,,0.005,0.085,0.14,,,,,,,0.284,,0.13,1522,,0.001,,,,,,,,,,,,,0.092,,0.00,0.161,6.0,0,0.000,0.239,,0.8,,0.000,0.8,,0.000,,,,,,0.0,0.511,228.0,,0.984,1.36,0.005,,,,0.0,364.0,,0.113,,0,0.203,,18.0,0,1.185,23,0.24,0.145,133.0,0.0,11.0,0.443,0.0,11.0,0.443,78.21,,,0.0,,,,,,0.388,,0.000,0.0,0.329,33.0,,0.150,,,,,0.0,,,,,,0.0,
120,"""20064""","Rye flour, medium",102.0,1.0 cup,0.184,0.709,0.12,1.12,0.293,0.623,0.000,,35.0,,,,0.216,,,,,,,,,,,,12.0,,214,,,,,,,,,0,,,,1.762,0.338,,0.005,0.100,0.06,,,,,,,0.348,,0.02,1488,,0.002,,,,,,,,,,,,,0.116,,0.00,0.193,6.0,0,0.000,0.273,,1.22,,0.000,1.22,,0.000,,,,,,0.0,0.61,381.0,,0.868,1.55,0.006,,,,0.0,356.0,,0.125,,0,0.187,,14.7,0,2.460,35,0.258,0.173,230.0,0.0,21.0,0.494,0.0,21.0,0.494,76.94,,,0.0,,,,,,0.479,,0.000,0.0,0.355,64.0,0.177,0.162,,,,,0.0,,,,,,0.0,
121,"""20062""",Rye grain,169.0,1.0 cup,0.333,1.296,0.19,1.66,0.534,0.951,0.000,,64.0,,,,0.483,,,,,,,,,,,,25.5,,355,,,,,,,,,0,,,,7.216,0.62,,0.010,0.183,0.27,,,,,,,0.488,,0.00,2390,,0.003,,,,,,,,,,,,,0.424,,0.00,0.352,10.0,2,0.000,0.497,,2.65,,0.000,2.65,,0.000,,,,,,0.0,1.114,862.0,246.9,1.359,2.75,0.012,,,,19.0,571.0,,0.183,,0,0.338,,23.5,0,4.355,64,0.352,0.314,561.0,0.0,51.4,0.774,0.0,51.4,0.774,128.2,,,0.0,,,,,,0.767,,0.000,0.0,0.536,186.0,0.326,0.319,,,,,0.0,,,,,,0.0,
122,"""20066""","Semolina, enriched",167.0,1.0 cup,0.251,0.718,,,,,0.000,,120.0,,,,0.406,,,,,,,,,,,,6.5,,,,,,,,,0,,,,,,10.003,0.316,,0.028,0.062,,,,,,,,0.559,,,2515,,0.003,,,,,,,,,,,,,0.954,,0.00,0.207,,0,0.000,0.172,,1.29,,0.000,1.29,,0.000,,,,,,,0.656,311.0,,2.33,1.75,0.000,,,,0.0,601.0,,0.271,,0,0.556,,149.3,185,1.034,306,0.818,0.219,227.0,,,,,,,121.63,,,,,,,,,0.78,,0.000,0.0,0.902,78.0,0.207,0.429,,,,,,,,,,,,
123,"""20466""","Semolina, unenriched",167.0,1.0 cup,0.251,0.718,,,,,0.000,,120.0,,,,0.406,,,,,,,,,,,,6.5,,,,,,,,,0,,,,,,5.528,0.316,,0.028,0.062,,,,,,,,0.559,,,2515,,0.003,,,,,,,,,,,,,0.134,,0.00,0.207,,0,0.000,0.172,,1.29,,0.000,1.29,,0.000,,,,,,,0.656,311.0,,2.33,1.75,0.000,,,,0.0,601.0,,0.271,,0,0.556,,,0,1.034,120,0.818,0.219,227.0,0.0,,0.999,0.0,,0.999,121.63,,,,,,,,,0.78,,0.000,0.0,0.902,78.0,0.207,0.429,,,,,,,,,,,,
124,"""20650""","Sorghum flour, refined, unenriched",161.0,1.0 cup,0.488,0.765,0.00,,,,,,,,,,,,,,,,,,,,,,3.1,,,,,,,,,0,,,,,,2.14,0.014,0.002,0.040,,0.55,,,,,,,,,,2402,0.002,,,,,,,,,,,0.002,,0.005,0.008,,,0.62,,,,,,0.76,,,0.76,,,,,,,,,0.765,233.0,,,,,,,,,,,,,,,,,,,,,,,,,,,,,123.73,,,,,,,,,,,,,,,0.605,,,,,,,,,,,,0.0,
125,"""20648""","Sorghum flour, whole-grain",121.0,1.0 cup,0.639,1.698,0.19,2.35,0.398,1.313,0.000,0.002,30.0,0.074,0.60,0.534,0.211,0.000,,0.0,0.001,0.011,0.0,2.107,0.673,0.001,,0.0,8.0,0.000,,0.2,0.13,0.917,,,,0,,,,,,5.44,0.306,0.004,0.052,0.074,1.59,0.002,30,0.000,0.002,30,0.000,0.378,,0.00,1819,,0.002,,,,0.002,12.41,,2.3,0.379,15.0,0.001,,0.002,0.074,0.001,,1.141,7.7,0,0.001,0.393,0.005,1.6,0.04,0.000,1.6,0.04,0.000,0.012,4.0,0.008,0.00,,,1.617,392.0,,0.788,4.04,0.013,0.002,,0.57,0.0,434.0,,0.128,82.28,,0.272,0.007,14.8,0,1.522,30,0.374,0.540,336.0,,,,,,,92.73,0.000,,,,,1.611,,0.652,0.399,,0.008,,,,1.113,0.202,0.0,0.000,0.004,0.005,,,,0.05,0.175,0.000,0.0,0.002
126,"""20067""",Sorghum grain,192.0,1.0 cup,1.171,2.991,,4.86,0.637,2.863,,,,,,,0.44,,,,,,,,,,,,12.9,,,,,,,,,0,,,,,,7.081,0.545,0.004,0.100,0.125,,,,,,,,0.664,,,2644,0.010,0.004,,,,,,,,,,0.004,,0.002,0.184,,0.00,2.172,,0,0.002,0.851,0.008,2.75,,,2.75,,,,,,,,,2.867,697.0,,1.636,6.64,0.031,,,,0.0,632.0,0.006,0.238,,0,0.616,,23.4,0,3.082,38,0.831,1.043,555.0,,,,,,,138.41,,,,,,,,,0.682,,,0.0,1.077,317.0,2.114,0.472,,,,,,,,,,,,
127,"""20523""","Spaghetti, protein-fortified, cooked, enriched (n x 6.25)",140.0,1.0 cup,0.045,0.133,,,,,,,,,,,0.267,,,,,,,,,,,,2.8,,,,,,,,,0,,,,,,2.572,0.118,,0.004,0.013,,,,,,,,0.319,,,960,,0.000,,,,,,,,,,,,,0.225,,0.00,0.036,,0,,,,0.43,,,0.43,,,,,,,,,0.12,59.0,,1.187,0.29,0.000,,,,0.0,230.0,,0.144,,0,0.308,,35.3,99,0.584,115,0.447,0.039,70.0,,,,,,,43.23,,,,,,,,,0.441,,,0.0,0.496,42.0,0.036,0.237,,,,,,,,,,,,
128,"""20622""","Spaghetti, protein-fortified, dry, enriched (n x 6.25)",57.0,2.0 oz,0.187,0.562,,,,,,,,,,,0.268,,,,,,,,,,,,1.4,,,,,,,,,0,,,,,,4.363,0.158,,0.018,0.053,,,,,,,,0.32,,,892,,0.002,,,,,,,,,,,,,0.271,,0.00,0.154,,0,,,,0.64,,,0.64,,,,,,,,,0.509,115.0,,1.188,1.27,0.001,,,,0.0,213.0,,0.145,,0,0.308,,,147,0.519,158,0.447,0.166,93.0,,,,,,,37.42,,,,,,,,,0.441,,,0.0,0.496,37.0,0.154,0.237,,,,,,,,,,,,
129,"""20127""","Spaghetti, spinach, cooked",140.0,1.0 cup,0.127,0.360,,,,,,,,,,,0.132,,,,,,,,,,,,,,,,,,,,,0,,,,,,2.142,0.287,,0.015,0.042,,,,,,,,0.172,,,762,,0.003,,,,,,,,,,,,,0.144,,0.00,0.101,,11,,,,0.7,,,0.7,,,,,,,,,0.318,81.0,,0.683,0.88,0.000,,,,213.0,182.0,,0.081,,0,0.171,,30.9,0,2.106,17,0.248,0.109,151.0,,,,,,,36.61,,,,,,,,,0.238,,,0.0,0.274,87.0,0.101,0.130,,,,,,,,,,,,
130,"""20126""","Spaghetti, spinach, dry",57.0,2.0 oz,0.129,0.365,,1.55,0.213,0.519,0.000,,27.0,,,,0.156,,,,,,,,,,,,6.0,,1988,,,,,,,,,0,,,,2.593,0.284,,0.015,0.042,,,,,,,,0.205,,,887,,0.002,,,,,,,,,,,,,0.112,,0.00,0.103,86.4,13,0.000,0.184,,1.1,,0.000,1.1,,0.000,,,,,,,0.323,214.0,,0.812,0.89,0.001,,,,263.0,212.0,,0.097,,0,0.202,,36.2,0,1.508,27,0.294,0.112,189.0,0.0,9.7,0.362,0.0,9.7,0.362,42.64,,,0.0,,,,,,0.282,,0.000,0.0,0.326,99.0,0.103,0.154,,,,,0.0,,,,,,,
131,"""20140""","Spelt, uncooked",174.0,1.0 cup,0.706,2.189,0.42,11.87,0.633,1.862,,,,0.113,1.37,1.282,0.712,,,0.0,,0.033,0.0,8.093,1.317,,,0.0,18.6,,294,0.0,0.61,0.929,,,,0,,,,,,11.907,0.889,0.000,0.042,0.113,1.46,0.0,78,,0.0,78,,0.771,0.000,8.96,2460,,0.000,,,,,,,2.98,1.047,47.0,,,,0.197,,0.00,0.774,6.3,0,0.000,0.4,0.014,3.1,0.00,,3.1,0.00,,,,,0.00,,,2.076,675.0,,2.828,4.23,0.005,,,,17.0,588.0,,0.23,93.82,0,0.656,0.007,20.4,0,5.190,78,0.96,0.644,698.0,,,,,,,122.13,,,0.0,,,,,,1.195,,0.000,,,,0.736,0.626,0.0,,,,,,,0.0,0.449,,0.0,
132,"""20068""","Tapioca, pearl, dry",152.0,1.0 cup,0.008,0.005,,5.09,0.006,0.009,0.000,,6.0,,,,0.009,,,,,,,,,,,,1.4,,0,,,,,,,,,0,,,,0.0,0.03,,0.000,0.002,,,,,,,,0.006,,,2277,,0.000,,,,,,,,,,,,,,,0.00,0.008,,0,0.000,0.012,,0.17,,0.000,0.17,,0.000,,,,,,,0.003,17.0,,0.008,0.03,0.000,,,,0.0,544.0,,0.005,,0,0.003,,1.2,0,0.167,6,0.006,0.008,11.0,0.0,1.8,0.008,0.0,1.8,0.008,134.81,,,0.0,,,,,,0.029,,0.000,0.0,0.008,2.0,0.008,0.005,,,,,0.0,,,,,,,
133,"""20142""","Teff, uncooked",193.0,1.0 cup,0.867,2.067,0.91,3.55,0.753,2.061,,,,0.261,0.15,1.347,0.726,,,0.0,,0.021,0.0,6.464,1.583,,,0.0,15.4,,127,0.0,0.04,1.442,,,,,,,,,,6.491,1.563,0.000,0.185,0.261,1.41,0.0,,,0.0,,,0.984,0.000,0.02,2964,,0.000,,,,,,,9.73,0.921,347.0,,,,0.521,,,1.137,3.7,0,0.000,0.93,0.014,4.57,0.14,,4.57,0.14,,,,,0.00,,,1.806,824.0,4.4,1.282,4.59,0.008,,,,17.0,708.0,,0.268,70.56,,0.884,0.035,8.5,,,,0.967,0.633,828.0,,,,,,,141.14,,,0.0,,,,,,0.998,,0.000,,,,1.108,0.581,0.0,,,,,,,0.44,0.826,0.000,0.0,
134,"""20069""",Triticale,192.0,1.0 cup,0.703,1.753,,,,,,,,,,,0.701,,,,,,,,,,,,,,,,,,,,,0,,,,,,2.746,0.877,,0.060,0.117,,,,,,,,0.778,,,2700,,0.017,,,,,,,,,,,,,0.257,,0.00,0.405,,0,0.027,0.265,,4.28,,,4.28,,,,,,,,,1.638,637.0,,2.273,4.01,0.035,,,,0.0,645.0,,0.301,,0,0.735,,,0,6.163,140,0.92,0.526,687.0,0.0,,1.139,0.0,,1.139,138.49,,,,,,,,,1.288,,,0.0,1.169,250.0,0.342,0.597,,,,,,,,,,,,
135,"""20070""","Triticale flour, whole-grain",130.0,1.0 cup,0.413,1.032,,,,,,,,,,,0.48,,,,,,,,,,,,19.0,,,,,,,,,0,,,,,,3.718,0.727,,0.035,0.069,,,,,,,,0.532,,,1838,,0.010,,,,,,,,,,,,,0.172,,0.00,0.238,,0,0.016,0.524,,2.4,,,2.4,,,,,,,,,0.963,606.0,,1.555,2.35,0.021,,,,0.0,439.0,,0.205,,0,0.503,,,0,5.440,96,0.629,0.309,417.0,,,,,,,95.08,,,,,,,,,0.881,,,0.0,0.799,199.0,0.200,0.408,,,,,,,,,,,,
136,"""20077""","Wheat bran, crude",58.0,1.0 cup,0.365,1.283,,0.24,0.303,0.538,0.000,,46.0,,,,0.348,,,,,,,,,,,,24.8,,139,,,,,,,,,0,,,,7.875,0.579,,0.021,0.097,,,,,,,,0.29,,,524,,0.004,,,,,,,,,,,,,0.335,,0.00,0.369,1.1,0,0.001,0.756,,3.36,,0.000,3.36,,0.000,,,,,,,1.183,686.0,,0.512,2.46,0.010,,,,5.0,125.0,,0.164,,0,0.253,,45.0,0,6.670,46,0.282,0.322,588.0,0.0,43.2,0.397,0.0,43.2,0.397,37.42,,,0.0,,,,,,0.63,,0.000,0.0,0.421,354.0,0.359,0.249,,,,,0.0,,,,,,,
137,"""20081""","Wheat flour, white, all-purpose, enriched, bleached",125.0,1.0 cup,0.194,0.516,,0.34,0.981,0.887,0.000,,36.0,,,,0.285,,,0.11,,0.000,,,,,,,3.4,,22,,,,,,,,,0,,,,7.38,0.18,,0.009,0.028,,,,,,,,0.351,,,1904,,0.000,,,,,,,0.47,0.464,19.0,,,,0.618,,0.00,0.109,0.4,0,0.000,0.055,,0.59,0.03,0.000,0.59,0.03,0.000,,,,,,,0.489,134.0,87.9,1.498,1.23,0.000,,,,0.0,455.0,,0.159,,0,0.39,,42.4,192,0.853,229,0.446,0.185,135.0,0.0,13.0,0.645,0.0,13.0,0.645,95.39,,,0.0,,,,,,0.521,,0.000,0.0,0.519,28.0,0.109,0.287,,,,,0.0,,,0.0,0.229,,,
138,"""20381""","Wheat flour, white, all-purpose, enriched, calcium-fortified",125.0,1.0 cup,0.194,0.516,,,,,,,,,,,0.285,,,,,,,,,,,,3.4,,,,,,,,,0,,,,,,7.38,0.18,,0.009,0.028,,,,,,,,0.351,,,1904,,,,,,,,,,,,,,,0.618,,0.00,0.109,,0,,,,0.59,,,0.59,,,,,,,,,0.489,134.0,,1.498,1.23,,,,,0.0,455.0,,0.159,,0,0.39,,,192,0.853,229,0.446,0.185,135.0,,,,,,,95.39,,,,,,,,,0.521,,,0.0,0.519,28.0,0.109,0.287,,,,,,,,,,,,
139,"""20581""","Wheat flour, white, all-purpose, enriched, unbleached",125.0,1.0 cup,0.194,0.516,,0.34,0.981,0.887,0.000,,36.0,,,,0.285,,,0.0,,,,,,,,,3.4,,99,,,,,,,,,0,,,,7.38,0.18,,0.009,0.028,,,,,,,,0.351,,,1904,,0.000,,,,,,,1.56,0.464,19.0,,,,0.618,,0.00,0.109,0.4,0,0.000,0.055,,0.59,0.00,,0.59,0.00,,,,,,,,0.489,134.0,,1.498,1.23,0.000,,,,2.0,455.0,,0.159,,0,0.39,,42.4,192,0.853,229,0.446,0.185,135.0,0.0,,0.645,0.0,,0.645,95.39,,,0.0,,,,,,0.521,,0.000,0.0,0.519,28.0,0.109,0.287,,,,,0.0,,,0.0,0.229,,,
140,"""20082""","Wheat flour, white, all-purpose, self-rising, enriched",125.0,1.0 cup,0.193,0.512,,0.28,0.843,0.850,0.000,,48.0,,,,0.274,,,0.0,,,,,,,,,3.4,,22,,,,,,,,,0,,,,7.29,0.14,,0.009,0.028,,,,,,,,0.336,,,1851,,0.000,,,,,,,0.4,0.445,422.0,,,,0.517,,0.00,0.107,0.4,0,0.000,0.062,,5.41,0.00,,5.41,0.00,,,,,,,,0.485,155.0,,1.433,1.21,0.000,,,,0.0,442.0,,0.151,,0,0.372,,43.0,198,1.250,245,0.427,0.184,744.0,0.0,13.0,0.618,0.0,13.0,0.618,92.78,,,0.0,,,,,,0.499,,0.000,0.0,0.496,24.0,0.107,0.275,,,,,0.0,,,0.0,0.219,,,
141,"""20481""","Wheat flour, white, all-purpose, unenriched",125.0,1.0 cup,0.194,0.516,,0.34,0.150,0.887,0.000,,32.0,,,,0.285,,,,,,,,,,,,3.4,,22,,,,,,,,,0,,,,1.562,0.18,,0.009,0.028,,,,,,,,0.351,,,1904,,0.000,,,,,,,,,,,,,0.050,,0.00,0.109,0.4,0,0.000,0.055,,0.59,,0.000,0.59,,0.000,,,,,,,0.489,134.0,,1.498,1.23,0.000,,,,0.0,455.0,,0.159,,0,0.39,,42.4,0,0.853,32,0.446,0.185,135.0,0.0,13.0,0.645,0.0,13.0,0.645,95.39,,,0.0,,,,,,0.521,,0.000,0.0,0.519,28.0,0.109,0.287,,,,,0.0,,,,,,,
142,"""20083""","Wheat flour, white, bread, enriched",137.0,1.0 cup,0.334,0.996,,0.42,1.112,1.134,0.000,,45.0,,,,0.316,,,0.0,,,,,,,,,3.3,,108,,,,,,,,,0,,,,10.349,0.249,,0.014,0.059,,,,,,,,0.438,,,2069,,0.001,,,,,,,1.97,0.562,21.0,,,,0.701,,0.00,0.192,0.4,0,0.000,0.051,,0.64,0.00,,0.64,0.00,,,,,,,,0.938,137.0,,1.93,2.27,0.007,,,,3.0,495.0,,0.19,,0,0.449,,54.4,206,1.085,251,0.608,0.299,133.0,0.0,14.2,0.795,0.0,14.2,0.795,99.37,,,0.0,,,,,,0.57,,0.000,0.0,0.688,34.0,0.185,0.348,,,,,0.0,,,0.0,0.288,,,
143,"""20084""","Wheat flour, white, cake, enriched",137.0,"1.0 cup unsifted, dipped",0.174,0.519,,0.42,1.222,0.764,0.000,,64.0,,,,0.39,,,0.0,,,,,,,,,2.3,,4,,,,,,,,,0,,,,9.302,0.19,,0.007,0.030,,,,,,,,0.311,,,2076,,0.001,,,,,,,0.11,0.381,19.0,,,,0.589,,0.00,0.1,0.4,0,0.000,0.045,,0.53,0.00,,0.53,0.00,,,,,,,,0.489,144.0,,1.251,1.18,0.004,,,,0.0,496.0,,0.162,,0,0.321,,6.7,189,0.869,255,0.426,0.156,116.0,0.0,14.2,0.592,0.0,14.2,0.592,106.9,,,0.0,,,,,,0.43,,0.000,0.0,0.493,22.0,0.096,0.229,,,,,0.0,,,0.0,0.189,,,
144,"""20086""","Wheat flour, white, tortilla mix, enriched",111.0,1.0 cup,4.551,1.689,,,,,,,,,,,0.236,,,,,,,,,,,,,,,,,,,,,0,,,,,,6.46,0.111,,1.531,0.137,,,,,,,,0.292,,,1881,,0.147,,,,,,,,,,,,,0.547,,0.00,5.041,1.2,,0.023,0.044,,2.76,,,2.76,,,,,,,,,1.553,111.0,,1.243,11.8,0.301,,,,0.0,450.0,,0.132,,0,0.323,,,124,0.682,151,0.371,2.838,233.0,,,,,,,74.53,,,,,,,,,0.433,,0.011,0.0,0.431,23.0,4.740,0.239,,,,,,,,,,,,
145,"""20080""","Wheat flour, whole-grain (Includes foods for USDA's Food Distribution Program)",120.0,1.0 cup,0.516,1.400,0.06,0.49,0.602,1.078,0.000,,53.0,,,,0.431,,,0.0,,0.012,0.0,5.194,0.866,,,0.0,12.8,,264,,,,,,,,,0,,,,5.948,0.492,0.000,0.024,0.088,0.00,0.0,53,,0.0,53,,0.44,,,1709,,0.000,,,,,,,2.29,0.683,41.0,,,,0.198,,0.00,0.34,2.3,0,0.000,0.488,,1.9,0.00,,1.9,0.00,,,,,,,,1.312,436.0,87.4,2.49,3.0,0.000,,,,11.0,408.0,0.000,0.209,69.32,0,0.33,0.000,74.2,0,4.880,53,0.532,0.492,428.0,0.0,37.4,0.744,0.0,37.4,0.744,86.36,,,0.0,,,,,,0.778,,0.000,0.0,0.677,164.0,0.328,0.428,,,,,0.0,,,0.04,0.274,0.000,,
146,"""20129""","Wheat flours, bread, unenriched",137.0,"1.0 cup unsifted, dipped",0.334,0.996,,0.42,0.110,1.134,0.000,,45.0,,,,0.316,,,,,,,,,,,,3.3,,108,,,,,,,,,0,,,,1.37,0.249,,0.014,0.059,,,,,,,,0.438,,,2069,,0.001,,,,,,,,,,,,,0.082,,0.00,0.192,0.4,0,0.000,0.051,,0.64,,0.000,0.64,,0.000,,,,,,,0.938,137.0,,1.93,2.27,0.007,,,,3.0,495.0,,0.19,,0,0.449,,54.4,0,1.085,45,0.608,0.299,133.0,0.0,14.2,0.795,0.0,14.2,0.795,99.37,,,0.0,,,,,,0.57,,0.000,0.0,0.688,34.0,0.185,0.348,,,,,0.0,,,,,,,
147,"""20078""","Wheat germ, crude",115.0,1.0 cup,1.915,6.912,,,,,,,,,,,1.688,,,,,,,,,,,,15.2,,,,,,,,,0,,,,,,7.835,0.915,,0.063,0.831,,,,,,,,1.113,,,1732,,0.015,,,,,,,,,,,,,0.574,,0.00,1.57,,0,,,,4.84,,,4.84,,,,,,,,,6.08,1026.0,,1.416,11.18,0.039,,,,0.0,414.0,,0.365,,0,0.81,,91.1,0,15.296,323,0.974,1.825,968.0,0.0,,1.267,0.0,,1.267,59.57,,,,,,,,,2.147,,,0.0,1.378,275.0,1.532,0.739,,,,,,,,,,,,
148,"""20076""","Wheat, durum",192.0,1.0 cup,0.872,1.878,,,,,,,,,,,0.582,,,,,,,,,,,,,,,,,,,,,0,,,,,,12.937,1.062,,0.042,0.092,,,,,,,,0.703,,,2723,,0.006,,,,,,,,,,,,,0.232,,0.00,0.66,,0,,,,3.42,,,3.42,,,,,,,,,1.786,828.0,,2.801,4.74,0.017,,,,0.0,651.0,,0.338,,0,0.685,,171.6,0,5.783,83,1.023,0.810,975.0,,,,,,,136.57,,,,,,,,,0.927,,,0.0,1.140,276.0,0.643,0.618,,,,,,,,,,,,
149,"""20071""","Wheat, hard red spring",192.0,1.0 cup,0.603,1.469,,0.79,0.968,1.993,0.000,,83.0,,,,0.776,,,,,,,,,,,,23.4,,422,,,,,,,,,0,,,,10.963,0.787,,0.027,0.069,,,,,,,,0.831,,,2644,,0.008,,,,,,,,,,,,,0.211,,0.00,0.582,3.6,0,0.000,0.645,,3.63,,0.000,3.63,,0.000,,,,,,,1.396,653.0,,3.226,3.69,0.127,,,,17.0,632.0,,0.374,,0,0.847,,135.7,0,7.786,83,1.039,0.543,637.0,0.0,59.9,1.273,0.0,59.9,1.273,130.62,,,0.0,,,,,,1.348,,0.000,0.0,1.304,238.0,0.453,0.634,,,,,0.0,,,,,,,
150,"""20072""","Wheat, hard red winter",192.0,1.0 cup,0.516,1.204,,0.79,0.735,1.640,0.000,,73.0,,,,0.643,,,,,,,,,,,,23.4,,422,,,,,,,,,0,,,,10.491,0.833,,0.025,0.052,,,,,,,,0.701,,,2627,,0.002,,,,,,,,,,,,,0.221,,0.00,0.384,3.6,0,0.000,0.576,,3.01,,0.000,3.01,,0.000,,,,,,,1.152,697.0,,2.475,2.96,0.015,,,,17.0,628.0,,0.307,,0,0.743,,135.7,0,7.651,73,0.879,0.449,553.0,0.0,59.9,1.125,0.0,59.9,1.125,136.67,,,0.0,,,,,,1.142,,0.000,0.0,1.068,242.0,0.369,0.547,,,,,0.0,,,,,,,
151,"""20074""","Wheat, hard white",192.0,1.0 cup,0.532,1.440,,0.79,0.743,,0.000,,73.0,,,,,,,,,,,,,,,,23.4,,422,,,,,,,,,0,,,,8.412,0.697,,0.031,0.067,,,,,,,,,,,2748,,0.000,,,,,,,,,,,,,0.207,,0.00,0.39,3.6,0,0.000,0.707,,2.92,,0.000,2.92,,0.000,,,,,,,1.373,829.0,,,,,,,,17.0,657.0,,,,,,,,0,7.336,73,,,,0.0,,,0.0,,,145.73,,,0.0,,,,,,,,,0.0,,179.0,0.390,,,,,,0.0,,,,,,,
152,"""20139""","Wheat, KAMUT khorasan, cooked",172.0,1.0 cup,0.132,0.418,,5.28,0.163,0.743,,,,,,,0.277,,,,,,,,,,,,7.4,,,,,,,,,0,,,,,,3.965,0.356,,,,,,,,,,,0.296,,,949,,,,,,,,,,,,,,,0.052,,0.00,0.144,,,,,,1.15,,,1.15,,,,,,,,,,,,1.065,1.43,,,,,7.0,227.0,,0.088,,0,0.236,,54.9,0,1.772,19,0.378,,253.0,,,,,,,47.47,,,,,,,,,0.464,,,,,,,,,,,,,,,,,,,
153,"""20138""","Wheat, KAMUT khorasan, uncooked",186.0,1.0 cup,0.365,1.155,0.20,14.58,1.053,2.068,,,,0.089,1.13,1.436,0.774,,,0.0,,0.020,0.0,9.001,1.492,,,0.0,20.6,,560,0.0,0.58,1.010,,,,,,,,,,11.857,0.941,0.000,0.022,0.089,1.15,0.0,,,0.0,,,0.822,0.000,12.20,2621,,0.000,,,,,,,2.01,1.077,41.0,,,,0.342,,,0.396,3.3,2,0.000,0.482,,3.11,0.02,,3.11,0.02,,,,,0.00,,,1.066,750.0,210.2,2.965,3.96,0.004,,,,19.0,627.0,,0.242,97.48,0,0.655,0.004,151.6,,,,1.053,0.339,677.0,,,,,,,131.28,,,4.0,,,,,,1.295,,0.000,,,,0.374,0.705,0.0,,,,,,,0.04,0.467,0.000,0.0,
154,"""20073""","Wheat, soft red winter",168.0,1.0 cup,0.486,1.102,,0.69,0.662,1.282,,,,,,,0.529,,,,,,,,,,,,21.0,,,,,,,,,0,,,,,,8.064,0.756,,0.024,0.047,,,,,,,,0.575,,,2327,,0.003,,,,,,,,,,,,,0.161,,0.00,0.299,,0,,,,2.82,,,2.82,,,,,,,,,1.055,667.0,,1.959,2.62,0.013,,,,0.0,556.0,,,,,0.549,,,0,7.377,69,0.665,0.455,828.0,0.0,,0.907,0.0,,0.907,124.72,,,,,,,,,0.877,,,0.0,0.837,212.0,0.286,0.430,,,,,,,,,,,,
155,"""20075""","Wheat, soft white",168.0,1.0 cup,0.618,1.406,,0.69,,,0.000,,69.0,,,,,,,,,,,,,,,,21.3,,370,,,,,,,,,0,,,,8.007,0.716,,0.030,0.060,,,,,,,,,,,2391,,0.005,,,,,,,,,,,,,0.180,,0.00,0.381,3.2,0,0.000,0.635,,2.59,,0.000,2.59,,0.000,,,,,,,1.344,731.0,,,,,,,,15.0,571.0,,,,,,,,0,5.722,69,,,,0.0,,,0.0,,,126.6,,,0.0,,,,,,,,,0.0,,151.0,0.365,,,,,,0.0,,,,,,,
156,"""20087""","Wheat, sprouted",108.0,1.0 cup,0.222,0.602,,,,,0.000,,41.0,,,,0.265,,,,,,,,,,,,1.2,,,,,,,,,0,,,,,,3.334,0.282,,0.013,0.028,,,,,,,,0.274,,,894,,0.000,,,,,,,,,,,,,0.167,,0.00,0.163,,0,0.000,0.286,,1.04,,0.000,1.04,,0.000,,,,,,,0.573,183.0,,0.728,1.37,0.000,,,,0.0,214.0,,0.124,,0,0.297,,45.9,0,2.007,41,0.31,0.210,216.0,,,,,,,45.93,,,,,,,,,0.459,,0.000,0.0,0.390,89.0,0.163,0.212,,,,,,,,,,,,
157,"""20089""","Wild rice, cooked",164.0,1.0 cup,0.08,0.349,0.33,1.2,0.085,0.453,0.000,,43.0,,,,0.279,,,,,,,,,,,,3.0,,105,,,,,,,,,0,,,,2.111,0.198,,0.005,0.156,0.33,,,,,,,0.208,,,694,,0.000,,,,,,,,,,,,,0.143,,0.00,0.082,0.8,0,0.000,0.221,,0.66,,0.000,0.66,,0.000,,,,,,,0.195,166.0,,0.23,0.56,0.000,,,,5.0,166.0,,0.08,,0,0.277,,1.3,0,0.462,43,0.274,0.075,134.0,0.0,16.7,0.346,0.0,16.7,0.346,35.0,,,0.0,,,,,,0.505,,0.000,0.0,0.380,52.0,0.082,0.171,,,,,0.0,,,,,,,
158,"""20088""","Wild rice, raw",160.0,1.0 cup,0.25,1.082,,4.0,0.184,1.629,0.000,,152.0,,,,1.006,,,,,,,,,,,,9.9,,352,,,,,,,,,0,,,,10.773,0.838,,0.018,0.480,,,,,,,,0.75,,,2390,,0.000,,,,,,,,,,,,,0.419,,0.00,0.254,3.0,2,0.000,0.626,,2.45,,0.000,2.45,,0.000,,,,,,,0.603,683.0,,0.83,1.73,0.000,,,,30.0,571.0,,0.286,,0,0.995,,4.5,0,2.126,152,0.989,0.232,693.0,0.0,56.0,1.245,0.0,56.0,1.245,119.84,,,0.0,,,,,,1.818,,0.000,0.0,1.373,283.0,0.254,0.614,,,,,0.0,,,,,,,
159,"""20656""","Pasta, gluten-free, rice flour and rice bran extract, cooked, DE BOLES",121.0,1.0 cup spaghetti,,,,0.0,,,,,,,,,,,,,,,,,,,,,2.3,,,,,,,,,,,0,,,,,,,,,,,,,,,,,,,1012,,,,,,,,,,,,,,,,,,,,,,,,0.65,,,0.65,,,,,,,,0.0,,,,,,,,,,,,,,,,,,,0,2.347,,,,,,,,,,,49.31,,,,,,,,,,,,,,,,,,,,,0.0,,,,,,0.0,
160,"""20652""","Pasta, whole grain, 51% whole wheat, remaining enriched semolina, cooked (Includes foods for USDA's Food Distribution Program)",116.0,1.0 cup spaghetti not packed,,,,0.75,0.229,,,,,,,,,,,,,,,,,,,,5.2,,,0.0,,,,,,,,,,,,3.082,0.209,,,,,,,,,,,,,,756,,,,,,,,,,,,,,,0.154,,,,,,,,,0.57,,,0.57,,,,,,0.00,,,,,,,,,,,,,,,,,,,,,21,1.144,44,,,,,,,,,,35.81,,,,,,,,,,,,,,,,,,,,,,,,,,,0.0,
161,"""20143""","Teff, cooked",252.0,1.0 cup,,,,,,,,,,,,,0.275,,,,,,,,,,,,7.1,,,,,,,,,0,,,,,,2.291,0.57,,,,,,,,,,,0.375,,,1063,,,,,,,,,,,,,,,0.083,,0.00,,,,,,,1.74,,,1.74,,,,,,,,,,,,0.486,1.64,,,,,5.0,255.0,,0.103,,0,0.335,,,0,7.207,45,0.368,,302.0,,,,,,,50.05,,,,,,,,,0.381,,,,,,,,,,,,,,,,,,,
162,"""20002""","Amaranth grain, cooked",246.0,1.0 cup,,,,,,,,,,,,,,,,0.0,,,,,,,,,5.2,,,,,,,,,,,,,,,0.578,0.367,,,,,,,,,,,,,,1055,,,,,,,,,0.12,,116.0,,,,0.054,,,,,,,,,1.89,0.59,,1.89,0.59,,,,,,,,,,,,,,,,,,,,,,,,,,,,,,,,,,,,,,45.98,,,,,,,,,,,,,,,,,,,,,,,,0.05,,,,
163,"""20141""","Spelt, cooked",194.0,1.0 cup,,,,,,,,,,,,,,,,0.0,,,,,,,,,7.6,,,,,,,,,0,,,,,,4.986,0.417,,,,,,,,,,,,,,1028,,,,,,,,,1.07,,19.0,,,,0.058,,0.00,,,,,,,1.26,0.00,,1.26,0.00,,,,,,,,,,,,,,,,,8.0,246.0,,,,,,,,0,2.117,25,,,,,,,,,,51.29,,,,,,,,,,,,,,,,,,,,,,,,0.0,,,,
164,"""20315""","Corn flour, whole-grain, blue (harina de maiz morado)",6.9,1.0 tbsp,,,,,,,,,,,,,,,,,,,,,,,,,0.6,,,,,,,,,,,,,,,0.179,0.011,,,,,,,,,,,,,,105,,,,,,,,,,,,,,,0.016,,,,,,,,,0.1,,,0.1,,,,,,,,,,,,,,,,,,,,,,,,,,,,,,,,,,,,,,,5.1,,,,,,,,,,,,,,,,,,,,,,,,,,,,
165,"""20058""","Rice, white, steamed, Chinese restaurant",132.0,"1.0 cup, loosely packed",,,,,,,,,,,,,,,,,,,,,,,,,1.2,,,,,,,,,,,,,,,0.747,0.063,,,,,,,,,,,,,,833,,,,,,,,,,,,,,,0.020,,,,,,,,,0.18,,,0.18,,,,,,,,,,,,,,,,,,,,,,,,,,,0,0.591,7,,,,,,,,,,44.72,,,,,,,,,,,,,,,,,,,,,,,,,,,,
