,NDB_NO,Description,Weight(g),Measure,"Fatty acids, total saturated (g)","Fatty acids, total polyunsaturated (g)",Fructose (g),"Sugars, total (g)",Thiamin (mg),Leucine (g),6:0 (g),22:4 (g),"Folate, food (µg)","18:3 n-3 c,c,c (ALA) (g)",Vitamin E (alpha-tocopherol) (mg),Phenylalanine (g),Lysine (g),22:1 c (g),"Fluoride, F (µg)","Tocotrienol, beta (mg)",18:1 t (g),20:1 (g),15:1 (g),Glutamic acid (g),Aspartic acid (g),17:1 (g),21:5 (g),"20:2 n-6 c,c (g)","Fiber, total dietary (g)",20:3 n-3 (g),Lutein + zeaxanthin (µg),Menaquinone-4 (µg)_x,"Tocotrienol, alpha (mg)_x",Alanine (g)_x,Menaquinone-4 (µg)_y,"Tocotrienol, alpha (mg)_y",Alanine (g)_y,Retinol (µg),18:1-11 t (18:1t n-7) (g),Caffeine (mg),Hydroxyproline (g),Protein (g),Lycopene (µg),Niacin (mg),"Copper, Cu (mg)",17:0 (g),18:0 (g),18:3 undifferentiated (g),Glucose (dextrose) (g),14:1 (g)_x,"Folate, DFE (µg)_x",20:3 undifferentiated (g)_x,14:1 (g)_y,"Folate, DFE (µg)_y",20:3 undifferentiated (g)_y,Threonine (g),"18:3 n-6 c,c,c (g)",Maltose (g),Energy (kJ),"Fatty acids, total trans-monoenoic (g)",14:0 (g),Phytosterols (mg),"Iron, Fe (mg)",Cystine (g),"Fatty acids, total trans-polyenoic (g)",Water (g),"Cryptoxanthin, beta (µg)","Tocopherol, gamma (mg)",Glycine (g),"Calcium, Ca (mg)",16:1 t (g),"Carotene, beta (µg)",15:0 (g),Riboflavin (mg),20:5 n-3 (EPA) (g),Vitamin B-12 (µg),"Fatty acids, total monounsaturated (g)",Vitamin K (phylloquinone) (µg),"Vitamin A, RAE (µg)",12:0 (g),Vitamin B-6 (mg),22:0 (g),Ash (g),"Tocopherol, delta (mg)",22:1 undifferentiated (g),Vitamin D3 (cholecalciferol) (µg),24:0 (g),Campesterol (mg),16:1 c (g),"Sodium, Na (mg)",4:0 (g),Galactose (g),22:5 n-3 (DPA) (g),"Alcohol, ethyl (g)",18:2 undifferentiated (g),"Potassium, K (mg)",Betaine (mg),Proline (g),Total lipid (fat) (g),16:1 undifferentiated (g),18:2 t not further defined (g),18:2 i (g),Sucrose (g),"Vitamin A, IU (IU)",Energy (kcal),24:1 c (g),Tryptophan (g),Starch (g),Cholesterol (mg),Tyrosine (g),20:0 (g),"Selenium, Se (µg)",Folic acid (µg),"Manganese, Mn (mg)","Folate, total (µg)",Isoleucine (g),16:0 (g),"Phosphorus, P (mg)","Vitamin B-12, added (µg)_x","Choline, total (mg)_x",Serine (g)_x,"Vitamin B-12, added (µg)_y","Choline, total (mg)_y",Serine (g)_y,"Carbohydrate, by difference (g)",22:1 t (g),"18:2 t,t (g)","Carotene, alpha (µg)",Vitamin D (IU),18:1 c (g),"18:2 n-6 c,c (g)",Stigmasterol (mg),Pantothenic acid (mg),Arginine (g),Vitamin D2 (ergocalciferol) (µg),10:0 (g),Vitamin D (D2 + D3) (µg),Valine (g),"Magnesium, Mg (mg)",18:1 undifferentiated (g),Histidine (g),Dihydrophylloquinone (µg),20:3 n-6 (g),20:4 undifferentiated (g),"Fatty acids, total trans (g)",Theobromine (mg),"Tocotrienol, delta (mg)","Vitamin C, total ascorbic acid (mg)","Tocotrienol, gamma (mg)",Methionine (g),8:0 (g),Lactose (g),18:2 CLAs (g)
0,"""07921""",Bacon and beef sticks,28.0,1.0 oz,4.48,1.204,,0.22,0.168,0.485,0.000,,1,,,,0.511,,,,,,,,,,,,,,0,,,,,,,,,0,,,,1.363,0.022,,1.12,0.092,,,,,,,,0.269,,,606,,0.143,,,,,,,,,,,,,0.08,0.000,0.53,6.132,0.4,0,0.011,0.140,,1.2,,0.000,,,,,,,,,,0.804,108.0,,0.333,12.38,0.473,,,,0,145,,0.059,,29.0,0.199,,7.3,0,0.011,1,0.272,2.128,40.0,,,,,,,0.22,,,0.0,,,,,,0.424,,0.017,,,,4.312,0.196,,,,,0.0,,,,,,,
1,"""07974""","Bacon, turkey, low sodium",15.0,1.0 serving,1.0,0.641,,0.0,0.004,0.188,0.000,0.001,1,,,,0.222,,,,,,0.0,0.369,0.218,0.001,,0.001,,,0,,,,,,,1,,0,,,,0.933,0.009,0.005,0.27,0.165,,0.001,1,,0.001,1,,0.098,,,159,,0.020,,,,,,,,,,,,,0.027,0.001,0.1,1.286,1.6,1,0.006,0.060,0.021,0.44,,0.000,0.0,0.000,,,,,,,,0.466,23.0,,0.159,3.0,0.022,,,,4,38,0.000,0.028,,15.0,0.08,0.041,2.9,0,0.002,1,0.078,0.632,22.0,0.00,8.5,0.109,0.00,8.5,0.109,0.72,,,0.0,2,,,,,0.159,,0.002,0.0,0.088,3.0,1.236,0.073,,,,,0.0,,3.6,,,,,
2,"""07973""","Bacon, turkey, microwaved",8.1,1.0 slice,0.562,0.557,0.02,0.34,0.004,,0.000,0.003,1,0.027,0.01,,,,,,,,0.0,,,0.003,,0.003,,0.000,0,,,,,,,2,,0,,,,0.656,0.01,0.005,0.146,0.029,0.01,0.003,1,0.002,0.003,1,0.002,,,,125,0.019,0.018,,,,0.005,2.79,0.0,,,,0.001,0.0,0.003,0.032,0.002,0.15,0.76,0.0,2,0.003,0.030,0.001,0.55,,0.000,0.1,0.000,,0.06,164.0,0.0,,,,0.501,54.0,0.4,,,,0.005,,0.32,5,30,0.000,,,,,,,0,0.003,1,,,,0.00,7.1,,0.00,7.1,,0.34,0.000,,0.0,4,0.665,0.494,,0.080,,,,0.1,,2.0,0.682,,,0.002,0.014,0.023,0.0,,,,,,,
3,"""07254""","Bacon, turkey, unprepared",14.0,1.0 serving,0.633,0.658,,,,,0.000,0.003,1,0.034,0.02,,,,,0.0,0.019,0.012,0.0,,,0.003,,0.004,,,,,,,,,,1,,0,0.046,2.23,0.0,0.564,0.01,0.006,0.162,0.035,,0.003,,0.002,0.003,,0.002,,,,132,0.021,0.020,,,,0.005,8.66,0.0,0.0,,11.0,0.002,0.0,0.003,0.033,0.001,0.17,0.871,,1,0.004,0.034,0.001,0.48,0.00,0.000,,,,0.068,150.0,0.0,,,,0.596,49.0,,,,,0.005,,0.33,5,32,0.000,,,,,,,,,,,,,,,,,,,0.26,0.000,,0.0,,0.764,0.588,,0.095,,,,,,,0.783,,,0.002,0.015,0.026,0.0,,,0.0,,0.000,,
4,"""07001""","Barbecue loaf, pork, beef",28.35,1.0 oz,0.899,0.230,,,,,0.000,,3,,,,0.374,,,,,,,,,,,,0.0,,,,,,,,,0,,,,,,0.642,0.02,,0.309,0.026,,,,,,,,0.194,,,205,,0.040,0.0,0.33,0.056,,,,,,,,,,0.07,0.000,0.48,1.174,,1,0.006,0.074,,1.15,,0.000,,,,,,,,,,0.204,93.0,,0.259,2.52,0.099,,,,19,49,,0.048,,10.0,0.153,,6.0,0,0.011,3,0.208,0.536,37.0,,,,,,,1.81,,,,,,,,,0.276,,0.011,0.3,0.225,5.0,1.077,0.147,,,,,,,,,,,,
5,"""43384""","Beef, bologna, reduced sodium",138.0,1.0 cup pieces,16.113,1.450,,0.0,0.083,,0.000,,7,,,,,,,,,,,,,,,,,,0,,,,,,,,,0,,,,3.629,0.041,,5.79,0.331,,,,,,,,,,,1793,,1.133,,,,,,,,,,,,,0.179,0.000,1.95,18.353,0.4,0,0.055,0.248,,4.28,,0.000,,,,,,,,,,1.119,214.0,6.6,,,,,,,0,428,,,,,,,,0,,7,,,,0.00,61.1,,0.00,61.1,,2.76,,,0.0,39,,,,,,,,1.0,,14.0,16.196,,,,,,0.0,,,,,,,
6,"""13358""","Beef, chopped, cured, smoked",28.0,1.0 slice (1 oz),0.507,0.064,,,,,0.000,,2,,,,0.461,,,,,,,,,,,,0.0,,,,,,,,,0,,,,,,1.282,0.007,,0.185,0.011,,,,,,,,0.237,,,156,,0.031,0.0,0.8,0.067,,,,,,,,,,0.049,0.000,0.48,0.512,,0,0.006,0.098,,1.29,,0.000,,,,,,,,,,0.053,106.0,,0.307,1.24,0.073,,,,0,37,,0.046,,13.0,0.171,,5.5,0,0.008,2,0.232,0.263,51.0,,,,,,,0.52,,,,,,,,,0.382,,0.006,,,,0.44,0.164,,,,,,,,,,,,
7,"""13348""","Beef, cured, corned beef, canned",28.35,1.0 oz,1.752,0.179,,0.0,0.006,0.564,0.000,,3,,,,0.589,,,,,,,,,,,,,,0,,,,,,,,,0,,,,0.689,0.018,,0.649,0.060,,,,,,,,0.29,,,297,,0.119,0.0,0.59,0.098,,,,,,,,,,0.042,0.000,0.46,1.69,0.5,0,0.02,0.037,,0.82,,0.000,0.1,,,,,,,,,0.119,39.0,3.3,0.553,4.23,0.227,,,,0,71,,0.07,,24.0,0.251,,12.2,0,0.004,3,0.332,0.862,31.0,0.00,25.3,0.310,0.00,25.3,0.310,0.0,,,0.0,3,,,,,0.474,,0.028,0.1,0.338,4.0,1.417,0.245,,,,,0.0,,,,,,,
8,"""13350""","Beef, cured, dried",28.0,10.0 slices,0.266,0.020,,0.76,0.018,0.640,0.000,,3,,,,0.68,,2.4,,,,,,,,,,,,0,,,,,,,,,0,0.085,8.71,0.0,1.446,0.021,,0.082,0.001,,,,,,,,0.321,,,179,,0.020,0.0,0.68,0.104,,,,0.0,0.490,2.0,,,,0.046,0.000,0.45,0.235,0.4,0,0.0,0.108,,2.91,0.00,,0.0,,,,,,,,,0.015,66.0,0.0,0.384,0.54,0.022,,,,0,43,,0.053,,22.0,0.256,,9.1,0,0.005,3,0.366,0.165,51.0,,0.0,0.317,,0.0,0.317,0.77,,,0.0,0,,,,,0.521,,0.000,0.0,0.399,5.0,0.213,0.257,0.0,,,,0.0,,,,,,,
9,"""13353""","Beef, cured, luncheon meat, jellied",28.0,"1.0 slice (1 oz) (4"" x 4"" x 3/32"" thick)",0.395,0.048,,,,,0.000,,2,,,,0.409,,,,,,,,,,,,0.0,,,,,,,,,0,,,,,,1.355,0.034,,0.151,0.011,,,,,,,,0.208,,,130,,0.025,0.0,0.97,0.055,,,,,,,,,,0.081,0.000,1.44,0.406,,0,0.006,0.070,,0.95,,0.000,,,,,,,,,,0.036,113.0,,0.349,0.92,0.062,,,,0,31,,0.038,,10.0,0.143,,4.6,0,0.015,2,0.2,0.190,39.0,,,,,,,0.0,,,,,,,,,0.368,,0.003,,,,0.344,0.140,,,,,,,,,,,,
10,"""13355""","Beef, cured, pastrami",71.0,"1.0 package, 2.5 oz",1.904,0.103,0.01,0.07,0.037,1.211,0.000,,4,,,,1.287,,14.4,0.0,,0.003,,,,,,,0.0,,8,,,,,,,,,0,0.160,15.48,0.0,3.025,0.065,,0.562,0.008,0.00,,,,,,,0.608,,0.00,437,,0.158,0.0,1.58,0.197,,,,0.0,0.927,7.0,,,,0.114,0.000,1.33,1.504,0.5,1,0.004,0.157,,2.41,0.00,,0.1,,,,,,,,0.0,0.082,149.0,7.6,0.726,4.13,0.148,,,,30,104,,0.1,,48.0,0.485,,12.6,0,0.019,4,0.693,1.174,124.0,0.00,57.9,0.600,0.00,57.9,0.600,0.26,,,0.0,3,,,,,0.987,,0.004,0.1,0.756,12.0,1.353,0.486,,,,,0.0,,0.2,0.0,0.396,,0.0,
11,"""07003""","Beerwurst, beer salami, pork",23.0,"1.0 slice (4"" dia x 1/8"" thick)",1.444,0.543,,,,,0.000,,1,,,,0.237,,9.5,,,,,,,,,,0.0,,,,,,,,,0,,,,,,0.748,0.012,,0.446,0.097,,,,,,,,0.13,,,229,,0.062,0.0,0.17,0.025,,,,,,,,,,0.044,0.000,0.2,2.065,,0,0.021,0.080,,0.79,,0.000,,,,,,,,,,0.446,58.0,,0.147,4.32,0.177,,,,0,55,,0.026,,14.0,0.093,,4.8,0,0.007,1,0.112,0.895,24.0,,,,,,,0.47,,,,,,,,,0.186,,0.021,0.2,0.117,3.0,1.888,0.096,,,,,,,,,,,,
12,"""07002""","Beerwurst, beer salami, pork and beef",56.0,2.0 oz,4.725,1.165,,0.0,0.138,,0.000,,3,,,,,,,,,,,,,,,,0.5,,0,,,,,,,2,,0,,,,1.666,0.058,,1.495,0.086,,,,,,,,,,,649,,0.387,,,,,,,,,,,,,0.097,0.000,0.65,5.659,0.7,2,0.013,0.129,,1.4,,0.016,,,,,,,,,,1.029,137.0,1.7,,,,,,,6,155,,,,,,,,0,0.087,3,,,,0.00,37.6,,0.00,37.6,,2.11,,,0.0,20,,,,,,,,0.5,,11.0,5.147,,,,,,0.0,,0.3,,,,,
13,"""07931""","Beerwurst, pork and beef",56.0,1.0 serving 2 oz,4.725,1.165,,0.0,0.138,0.673,0.000,,3,,,,0.728,,,,,,,,,,,,0.5,,0,,,,,,,2,,0,,,,1.666,0.058,,1.495,0.086,,,,,,,,0.374,,,646,,0.387,2.0,0.97,0.1,,,,,,,,,,0.097,0.000,0.65,5.659,0.9,2,0.013,0.129,,1.4,,0.016,,,,,,,,,,1.029,137.0,,0.393,12.62,0.382,,,,6,155,,0.097,,35.0,0.284,,9.7,0,0.087,3,0.382,2.778,76.0,,,,,,,2.39,,,0.0,,,,,,0.548,,0.007,,,,5.147,0.301,,,,,0.0,,0.3,,,,,
14,"""07005""",Blood sausage,100.0,4.0 slices,13.4,3.460,,1.29,0.070,1.390,0.000,,5,,,,1.05,,,,,,,,,,,,,,0,,,,,,,,,0,,,,1.2,0.04,,4.41,0.260,,,,,,,,0.57,,,1584,,0.620,0.0,6.4,0.18,,,,,,,,,,0.13,0.000,1.0,15.9,,0,0.03,0.040,,2.31,,0.000,,,,,,,,,,3.2,38.0,2.2,1.0,34.5,0.880,,,,0,379,,0.18,,120.0,0.34,,15.5,0,0.010,5,0.32,8.300,22.0,0.00,72.8,0.680,0.00,72.8,0.680,1.29,,,0.0,52,,,,,0.68,,0.000,1.3,1.020,8.0,15.0,0.710,0.0,,,,0.0,,,,,,,
15,"""07006""","Bockwurst, pork, veal, raw",91.0,1.0 sausage,9.333,2.118,0.01,1.21,0.176,1.007,0.002,,15,,,,1.061,,1.3,0.0,,0.178,,,,,,,0.9,,98,,,,,,,2,,0,,,,5.111,0.091,,3.241,0.167,0.01,,,,,,,0.558,,0.00,1145,,0.441,,,,,,,0.01,0.628,37.0,,,,0.212,0.000,0.78,11.956,63.9,14,0.056,0.344,,2.06,0.00,,,,,,,,0.01,,0.0,1.896,246.0,6.1,0.524,23.54,0.845,,,,233,274,,0.139,0.00,85.0,0.411,,10.3,0,0.156,15,0.616,5.550,154.0,0.00,42.2,0.486,0.00,42.2,0.486,2.68,,,0.0,,,,,,0.746,,0.028,0.0,0.698,24.0,10.932,0.467,0.0,,,,0.0,,2.9,0.0,0.303,0.011,0.0,
16,"""07007""","Bologna, beef",30.0,1.0 slice,3.146,0.355,0.00,0.61,0.009,0.282,0.000,0.003,1,0.029,0.17,0.131,0.314,0.026,10.8,0.01,0.339,0.032,0.001,0.535,0.319,0.063,,0.003,,0.001,0,1.9,0.01,0.203,1.9,0.01,0.203,5,,0,0.022,3.27,3.0,0.696,0.016,0.083,0.988,0.030,0.49,0.074,1,0.008,0.074,1,0.008,0.154,0.001,0.12,375,0.362,0.246,,,,0.048,16.59,3.0,0.09,0.161,6.0,0.023,3.0,0.037,0.02,0.001,0.36,3.659,0.7,6,0.006,0.047,0.002,1.01,0.00,0.026,,,,0.309,304.0,0.0,,0.004,0.0,0.294,105.0,1.8,0.147,7.84,0.333,0.048,,0.00,27,90,0.002,0.037,,17.0,0.122,0.008,3.5,0,0.012,1,0.152,1.766,46.0,0.00,8.9,0.135,0.00,8.9,0.135,1.29,0.000,,2.0,8,2.790,0.198,,0.116,0.223,,0.009,0.2,0.164,4.0,3.129,0.123,,0.007,0.01,0.411,0.0,,4.6,0.0,0.088,0.000,0.0,0.048
17,"""07008""","Bologna, beef and pork",100.0,3.0 oz,9.301,1.120,,4.42,0.217,1.385,0.000,,6,,,,1.499,,36.0,,,,,,,,,,,,0,,,,,,,25,,0,,,,2.521,0.052,,2.964,0.055,,,,,,,,0.77,,,1288,,0.323,0.0,1.21,0.209,,,,0.0,0.805,85.0,,,,0.185,0.000,1.82,10.526,0.3,25,0.013,0.297,,2.85,0.00,0.031,,,,,,,,,,1.015,315.0,5.8,0.782,24.59,0.598,,,,84,308,,0.214,,60.0,0.606,,24.6,0,0.018,6,0.809,5.986,163.0,0.00,65.6,0.714,0.00,65.6,0.714,5.49,,,0.0,32,,,,,1.03,,0.012,0.8,0.927,17.0,9.712,0.646,,,,,0.0,,0.8,,,,,
18,"""42129""","Bologna, beef and pork, low fat",138.0,1.0 cup pieces,10.085,2.262,,0.0,0.235,,0.000,,7,,,,,,,,,,,,,,,,,,0,,,,,,,,,0,,,,3.505,0.11,,3.487,0.386,,,,,,,,,,,1328,,0.584,,,,,,,,,,,,,0.179,0.000,1.81,12.62,0.4,0,0.037,0.248,,4.42,,0.000,,,,,,,,,,1.875,215.0,5.9,,,,,,,0,317,,,,,,,,0,,7,,,,0.00,66.5,,0.00,66.5,,3.59,,,0.0,26,,,,,,,,0.7,,17.0,11.319,,,,,,0.0,,,,,,,
19,"""42161""","Bologna, beef, low fat",28.0,1.0 slice,1.53,0.143,,0.0,0.014,,0.000,,1,,,,,,,,,,,,,,,,,,0,,,,,,,,,0,,,,0.7,0.008,,0.53,0.031,,,,,,,,,,,239,,0.114,,,,,,,,,,,,,0.028,0.000,0.39,1.807,0.1,0,0.005,0.042,,0.9,,0.000,,,,,,,,,,0.111,41.0,1.6,,,,,,,0,57,,,,,,,,0,,1,,,,0.00,14.9,,0.00,14.9,,1.46,,,0.0,4,,,,,,,,0.1,,3.0,1.593,,,,,,0.0,,0.3,,,,,
20,"""07960""","Bologna, chicken, pork",28.0,1.0 serving,2.762,1.217,,0.0,0.018,0.217,0.000,,4,0.057,0.18,0.116,0.231,,10.1,0.0,,0.065,0.0,0.433,0.258,,,,,,0,,,,,,,3,,0,0.038,2.89,3.0,1.03,0.011,0.023,0.792,0.067,,0.0,4,,0.0,4,,0.112,0.009,,394,,0.090,,,,,,,0.08,0.197,55.0,,,,0.036,0.000,0.14,3.688,0.2,4,0.0,0.053,,1.13,0.00,,,,,,,,,,,1.084,45.0,,0.141,8.57,0.312,,,,21,94,,0.023,,24.0,0.09,0.013,0.0,0,0.012,4,0.13,1.844,62.0,,,,,,,1.17,,,3.0,,,,,,0.188,,0.000,,,,3.311,0.088,,,,,0.0,,3.7,0.0,0.060,,,
21,"""07959""","Bologna, chicken, pork, beef",28.0,1.0 serving,1.959,0.973,,0.0,0.021,,0.000,,2,0.047,0.07,,,,,0.0,,0.043,0.0,,,,,,,,0,,,,,,,3,,0,,,,0.97,0.018,0.020,0.53,,,0.01,2,0.000,0.01,2,0.000,,,,319,,0.070,,,,,,,0.06,,26.0,,,,0.038,0.000,0.17,2.715,0.0,4,0.0,0.064,,1.1,0.00,,,,,,,,,,,0.871,88.0,1.2,,,,,,,21,76,,,,,,,,0,0.012,2,,,,0.00,16.5,,0.00,16.5,,1.57,,,3.0,,,,,,,,,,,,2.382,,,,,,0.0,,4.4,0.0,,,,
22,"""07952""","Bologna, chicken, turkey, pork",28.0,1.0 serving,2.237,1.308,,0.0,0.012,,0.000,,3,0.071,0.11,,,,,0.0,,0.053,0.0,,,,,,,,0,,,,,,,3,,0,,,,0.93,0.017,0.020,0.642,,,0.0,3,,0.0,3,,,,,349,,0.070,,,,,,,0.09,,23.0,,,,0.037,0.000,0.22,2.955,0.0,4,0.0,0.050,,0.85,0.00,,,,,,,,,,,1.172,43.0,1.3,,,,,,,21,83,,,,,,,,0,0.012,3,,,,0.00,14.9,,0.00,14.9,,1.58,,,3.0,,,,,,,,,,,,2.644,,,,,,0.0,,5.5,0.0,,,,
23,"""07971""","Bologna, meat and poultry",33.0,1.0 slice,2.438,1.515,0.00,0.65,0.016,0.258,0.000,0.010,2,0.068,0.19,0.126,0.251,0.029,,0.0,0.045,0.063,0.0,0.500,0.302,0.016,,0.03,,0.004,0,,,,,,,,,0,0.081,3.41,0.0,1.052,0.012,0.021,0.649,0.069,0.40,0.011,2,0.015,0.011,2,0.015,0.123,0.001,0.25,387,0.049,0.000,,,,0.012,18.46,0.0,0.1,0.230,41.0,0.004,0.0,0.007,0.052,0.001,0.16,3.389,0.6,0,0.006,0.064,0.004,1.2,0.00,0.029,,,,0.302,455.0,0.0,,0.005,0.0,1.348,106.0,1.3,0.242,7.84,0.305,0.012,,0.00,0,93,0.002,0.037,,30.0,0.1,0.010,4.8,0,0.013,2,0.14,1.734,70.0,0.00,19.6,0.142,0.00,19.6,0.142,2.08,0.000,,0.0,11,2.917,1.327,,0.254,0.221,,0.007,0.3,0.159,5.0,2.962,0.098,,0.012,0.033,0.06,0.0,,,0.0,0.082,,0.0,0.010
24,"""07010""","Bologna, pork",28.0,"1.0 slice, medium (4-1/2"" dia x 1/8"" thick) (1 oz)",1.915,0.590,,0.0,0.146,0.327,0.000,,1,,,,0.337,,10.1,,,,,,,,,,,,0,,,,,,,,,0,,,,1.092,0.022,,0.632,0.078,,,,,,,,0.179,,,289,,0.067,0.0,0.22,0.048,,,,,,,,,,0.044,0.000,0.26,2.725,0.1,0,0.006,0.076,,0.98,,0.000,,,,,,,,,,0.512,79.0,1.3,0.216,5.56,0.200,,,,0,69,,0.042,,17.0,0.135,,3.6,0,0.010,1,0.186,1.205,39.0,0.00,15.2,0.178,0.00,15.2,0.178,0.2,,,0.0,16,,,,,0.281,,0.006,0.4,0.206,4.0,2.524,0.135,,,,,0.0,,,,,,,
25,"""07936""","Bologna, pork and turkey, lite",56.0,1.0 serving 2 oz,3.058,1.709,,0.0,0.089,0.400,0.000,,10,,,,0.372,,,,,,,,,,,,,,0,,,,,,,1,,0,,,,1.72,0.046,,1.067,0.123,,,,,,,,0.2,,,493,,0.105,0.0,0.64,0.085,,,,,,,,,,0.054,0.000,0.16,4.227,,1,0.017,0.091,,1.43,,0.000,,,,,,,,,,1.56,77.0,,0.342,8.99,0.290,,,,1,118,,0.057,,44.0,0.17,,3.1,0,0.087,10,0.235,1.855,53.0,,,,,,,1.93,,,0.0,,,,,,0.352,,0.006,,,,3.864,0.132,,,,,0.0,,,,,,,
26,"""07937""","Bologna, pork, turkey and beef",28.35,1.0 oz,3.317,0.712,,0.38,0.043,0.266,0.000,,1,,,,0.29,,10.2,,,,,,,,,,,,0,,,,,,,,,0,,,,0.938,0.026,,1.077,0.082,,,,,,,,0.144,,,399,,0.183,0.0,0.34,0.038,,,,,,,,,,0.043,0.000,0.31,3.626,,0,0.021,0.110,,2.03,,0.000,,,,,,,,,,0.615,63.0,,0.148,8.29,0.325,,,,0,95,,0.036,,21.0,0.11,,3.5,0,0.075,1,0.153,2.010,36.0,,,,,,,1.89,,,0.0,,,,,,0.257,,0.017,,,,3.259,0.102,,,,,0.0,,3.1,,,,,
27,"""07011""","Bologna, turkey",28.0,0.99 oz 1 serving,1.219,1.079,,0.81,0.014,0.249,0.000,,3,,,,0.285,,10.1,,,,,,,,,,0.1,,0,,,,,,,3,,0,,,,0.73,0.02,,0.269,0.056,,,,,,,,0.139,,,245,,0.037,1.0,0.84,0.038,,,,,,,,,,0.027,0.000,0.06,1.914,0.1,3,0.003,0.068,,0.92,,0.002,0.2,,,,,,,,,0.996,38.0,1.3,0.167,4.49,0.266,,,,9,59,,0.036,,21.0,0.121,,4.3,0,0.014,3,0.159,0.909,32.0,0.00,15.1,0.144,0.00,15.1,0.144,1.31,,,0.0,7,,,,,0.234,,0.000,0.2,0.167,4.0,1.609,0.095,,,,,0.0,,3.7,,,,,
28,"""07922""","Bratwurst, beef and pork, smoked",66.0,1.0 serving 2.33 oz,4.013,1.043,,0.0,0.251,0.535,0.000,,3,,,,0.596,,,,,,,,,,,,,,0,,,,,,,,,0,,,,2.053,0.053,,1.412,0.119,,,,,,,,0.307,,,821,,0.145,,,,,,,,,,,,,0.141,0.000,1.76,5.28,,0,0.007,0.132,,1.85,,0.000,,,,,,,,,,0.924,187.0,,0.444,17.38,0.436,,,,0,196,,0.071,,51.0,0.255,,9.3,0,0.027,3,0.32,2.435,86.0,,,,,,,1.32,,,0.0,,,,,,0.505,,0.013,,,,4.844,0.261,,,,,0.0,,,,,,,
29,"""07015""","Bratwurst, pork, beef, link",70.0,1.0 link,6.951,1.981,,2.09,0.175,0.756,0.000,,4,,,,0.798,,,,,,,,,,,,,,0,,,,,,,,,0,,,,2.31,0.056,,2.38,0.203,,,,,,,,0.42,,,947,,0.245,,,,,,,,,,,,,0.161,0.000,1.44,9.338,,0,0.014,0.091,,2.57,,0.000,,,,,,,,,,1.778,197.0,,0.518,19.46,0.728,,,,0,226,,0.091,,44.0,0.308,,11.9,0,0.028,4,0.427,4.277,94.0,0.00,,0.413,0.00,,0.413,2.09,,,0.0,8,,,,,0.665,,0.028,0.2,0.476,11.0,8.61,0.308,,,,,0.0,,,,,,,
30,"""07013""","Bratwurst, pork, cooked",85.0,1.0 link cooked,8.498,2.237,,0.0,0.390,1.866,0.000,,3,,,,2.091,,,,,,,,,,,,,,0,,,,,,,2,,0,,,,4.076,0.088,,2.915,0.084,,,,,,,,1.062,,,1184,,0.285,0.0,0.45,0.297,,,,,,,,,,0.261,0.000,0.62,12.488,2.9,2,0.011,0.278,,2.38,,0.000,,,,,,,,,,2.056,296.0,3.1,0.934,24.8,0.736,,,,5,283,,0.295,,63.0,0.81,,33.7,0,0.012,3,1.089,5.276,177.0,0.00,79.9,0.961,0.00,79.9,0.961,2.42,,,0.0,37,,,,,1.445,,0.011,0.9,1.261,18.0,11.527,0.929,0.0,,,,0.0,,,,,,,
31,"""07910""","Bratwurst, veal, cooked",84.0,1.0 serving 2.96 oz,12.55,1.356,,0.0,0.045,0.935,0.000,,8,,,,0.969,,,,,,,,,,,,,,0,,,,,,,,,0,,,,4.561,0.068,,4.056,0.059,,,,,,,,0.513,,,1200,,0.329,,,,,,,,,,,,,0.161,0.000,0.82,10.92,,0,0.024,0.258,,0.67,,0.000,,,,,,,,,,0.493,194.0,,0.491,26.63,0.376,,,,0,286,,0.119,,66.0,0.375,,16.1,0,0.041,8,0.579,1.903,126.0,,,,,,,0.0,,,0.0,,,,,,0.691,,0.012,,,,2.879,0.427,,,,,0.0,,,,,,,
32,"""07014""","Braunschweiger (a liver sausage), pork",28.35,1.0 oz,2.639,0.905,,0.0,0.071,0.293,0.000,,12,,,,0.258,,,,,,,,,,,,,,0,,,,,,,1196,,0,,,,2.372,0.068,,0.864,0.097,,,,,,,,0.151,,,388,,0.094,0.0,3.18,0.07,,,,,,,,,,0.432,0.000,5.7,3.609,0.5,1196,0.031,0.094,,0.94,,0.000,,,,,,,,,,0.809,56.0,1.1,0.217,8.08,0.291,,,,3983,93,,0.041,,51.0,0.122,,16.4,0,0.044,12,0.137,1.634,48.0,0.00,72.5,0.167,0.00,72.5,0.167,0.88,,,0.0,14,,,,,0.217,,0.014,0.3,0.175,3.0,3.319,0.091,,,,,0.0,,,,,,,
33,"""07016""","Cheesefurter, cheese smokie, pork, beef",100.0,2.0 links,10.47,3.020,,1.51,0.250,1.100,0.000,,3,,,,1.16,,11.2,,,,,,,,,,,,0,,,,,,,6,,0,,,,2.9,0.07,,3.33,0.400,,,,,,,,0.54,,,1371,,0.560,3.0,1.08,0.15,,,,,,,,,,0.16,0.000,1.73,13.64,1.6,6,0.1,0.130,,3.03,,0.000,,,,,,,,,,2.62,206.0,6.5,0.97,29.0,1.140,,,,19,328,,0.15,,68.0,0.52,,15.7,0,0.030,3,0.62,6.390,178.0,0.00,63.1,0.600,0.00,63.1,0.600,1.51,,,0.0,12,,,,,0.84,,0.090,0.3,0.690,13.0,12.5,0.470,0.0,,,,0.0,,,,,,,
34,"""07961""","Chicken breast, deli, rotisserie seasoned, sliced, prepackaged",12.0,1.0 slice,0.068,0.054,0.00,0.09,0.006,0.177,0.000,0.001,1,0.002,0.04,0.083,0.196,0.000,,0.0,0.001,0.002,0.0,0.340,0.204,0.0,,0.001,,,0,,,,,,,0,,0,,,,1.087,0.002,0.000,0.015,0.002,0.04,0.0,1,0.001,0.0,1,0.001,0.098,,0.00,49,0.001,0.001,,,,0.0,8.94,0.0,0.01,0.095,1.0,,0.0,0.0,0.009,0.000,0.02,0.089,0.0,0,0.0,0.053,,0.4,0.00,,,,,0.011,124.0,0.0,,0.000,0.0,0.043,43.0,1.6,0.084,0.22,0.011,0.0,,0.05,1,12,0.000,0.023,,6.0,0.078,0.000,1.6,0,0.002,1,0.099,0.048,31.0,0.00,5.3,0.087,0.00,5.3,0.087,0.35,0.000,,0.0,0,0.075,0.042,,0.117,0.145,,0.003,0.0,0.101,3.0,0.075,0.062,,0.001,0.006,0.001,0.0,,,0.0,0.059,0.000,0.0,
35,"""07932""","Chicken breast, fat-free, mesquite flavor, sliced",42.0,1.0 serving 2 slices,0.055,0.025,,0.08,0.006,0.504,0.000,,0,,,,0.561,,,,,,,,,,,,,,0,,,,,,,,,0,,,,1.152,0.097,,0.021,0.000,,,,,,,,0.288,,,140,,0.004,0.0,0.13,0.096,,,,,,,,,,0.01,,0.03,0.067,,0,0.0,0.050,,1.61,,0.000,,,,,,,,,,0.025,133.0,,0.371,0.16,0.008,,,,0,34,,0.077,,15.0,0.221,,2.6,0,0.014,0,0.341,0.046,108.0,,,,,,,0.94,,,0.0,,,,,,0.452,,0.000,,,,0.059,0.201,,,,,0.0,,,,,,,
36,"""07933""","Chicken breast, oven-roasted, fat-free, sliced",42.0,1.0 serving 2 slices,0.055,0.031,,0.04,0.008,0.504,0.000,,0,,,,0.561,,,,,,,,,,,,,,0,,,,,,,,,0,,,,1.44,0.014,,0.013,0.001,,,,,,,,0.288,,,139,,0.002,,,,,,,,,,,,,0.012,0.000,0.04,0.051,,0,0.0,0.063,,1.65,,0.000,,,,,,,,,,0.025,28.0,,0.371,0.16,0.006,,,,0,33,,0.077,,15.0,0.221,,3.2,0,0.018,0,0.341,0.037,25.0,,,,,,,0.91,,,0.0,,,,,,0.452,,0.000,,,,0.043,0.201,,,,,0.0,,,,,,,
37,"""07935""","Chicken breast, roll, oven-roasted",56.0,1.0 serving 2 oz,1.389,0.815,,0.24,0.024,0.587,0.000,,2,,,,0.654,,,,,,,,,,,,,,0,,,,,,,,,0,,,,3.66,0.039,,0.258,0.032,,,,,,,,0.334,,,315,,0.041,0.0,0.18,0.111,,,,0.01,0.579,3.0,,,,0.035,0.008,0.13,1.577,0.3,0,0.004,0.167,,1.67,,0.000,,,,,,,,,,0.742,181.0,,0.42,4.28,0.222,,,,0,75,,0.09,,22.0,0.258,,6.6,0,0.010,2,0.398,1.049,68.0,,,,,,,1.0,,,0.0,,,,,,0.52,,0.000,,,,1.306,0.235,,,,,0.0,,,,,,,
38,"""07018""",Chicken spread,56.0,1.0 serving (1 serving),1.809,1.316,,0.26,0.005,0.720,0.000,,2,,,,0.805,,,,,,,,,,,,0.2,,0,,,,,,,17,,0,,,,1.539,0.022,,0.403,0.067,,,,,,,,0.409,,,371,,0.056,0.0,0.49,0.133,,,,,,,,,,0.064,0.000,0.07,2.688,,17,0.0,0.084,,1.66,,0.000,,,,,,,,,,1.249,59.0,,0.486,9.83,0.353,,,,55,88,,0.11,,31.0,0.318,,6.0,0,0.007,2,0.492,1.350,50.0,,,,,,,2.27,,,0.0,,,,,,0.626,,0.000,,,,2.274,0.290,,,,,0.0,,,,,,,
39,"""07020""","Corned beef loaf, jellied",28.0,"1.0 slice (1 oz) (4"" x 4"" x 3/32"" thick)",0.728,0.090,,,,,0.000,,2,,,,0.493,,,,,,,,,,,,0.0,,,,,,,,,0,,,,,,0.493,0.017,,0.277,0.022,,,,,,,,0.25,,,179,,0.048,,,,,,,,,,,,,0.031,0.000,0.36,0.75,,0,0.008,0.034,,0.84,,0.000,,,,,,,,,,0.067,28.0,,0.421,1.71,0.112,,,,0,43,,0.046,,13.0,0.172,,4.8,0,0.009,2,0.241,0.353,20.0,,,,,,,0.0,,,,,,,,,0.444,,0.006,,,,0.638,0.168,,,,,,,,,,,,
40,"""07021""","Dutch brand loaf, chicken, pork and beef",38.0,1.0 slice,3.346,1.129,0.04,0.34,0.051,0.538,0.000,,4,,,,0.586,,1.8,,,,,,,,,,0.1,,0,,,,,,,13,,0,0.034,4.56,0.0,1.286,0.026,,0.933,0.244,0.18,,,,,,,0.289,,0.12,434,,0.250,1.0,0.06,0.09,,,,0.0,0.404,3.0,,,,0.051,0.002,0.34,4.23,0.5,13,0.026,0.090,,1.17,0.00,,,,,,,,,0.003,0.0,0.848,80.0,2.0,0.318,8.71,0.435,,,,42,104,,0.065,,23.0,0.226,,7.0,0,0.015,4,0.324,2.111,45.0,0.00,24.7,0.269,0.00,24.7,0.269,1.49,,,0.0,,,,,,0.447,,0.026,0.0,0.349,6.0,3.761,0.229,0.0,,,,0.0,,0.5,,,,0.0,
41,"""07945""","Frankfurter, beef, heated",48.0,1.0 frankfurter,5.565,0.388,0.00,0.61,0.008,0.496,0.000,,5,,,,0.527,,,,,,,,,,,,,,0,,,,,,,,,0,,,,0.877,0.023,,1.74,0.040,0.50,,,,,,,0.259,,0.10,646,,0.450,,,,,,,,,,,,,0.024,0.000,0.69,6.107,0.9,0,0.021,0.093,,1.34,,0.000,,,,,,,,,0.0,0.333,121.0,2.6,0.237,14.09,0.490,,,,0,155,,0.06,,28.0,0.205,,5.2,0,0.008,5,0.29,1.582,67.0,0.00,24.4,0.225,0.00,24.4,0.225,1.28,,,0.0,18,,,,,0.378,,0.000,0.5,0.303,4.0,5.438,0.181,,,,,0.0,,,,,,0.0,
42,"""42179""","Frankfurter, beef, low fat",57.0,1.0 frankfurter,0.87,0.133,,0.48,0.029,,0.000,,2,,,,,,,,,,,,,,,,,,0,,,,,,,,,0,,,,1.311,0.037,,0.279,0.000,,,,,,,,,,,333,,0.064,,,,,,,,,,,,,0.057,0.000,0.8,2.169,1.0,0,0.0,0.057,,1.77,,0.000,,,,,,,,,,0.133,74.0,2.7,,,,,,,0,80,,,,,,,,0,,2,,,,0.00,25.1,,0.00,25.1,,0.91,,,0.0,14,,,,,,,,0.3,,6.0,1.948,,,,,,0.0,,0.6,,,,,
43,"""07905""","Frankfurter, beef, pork, and turkey, fat free",57.0,1.0 frank 1 NLEA serving,0.285,0.199,,0.0,0.092,,0.000,,3,,,,,,,,,,,,,,,,,,0,,,,,,,,,0,,,,1.976,0.067,,0.0,,,,,,,,,,,,260,,0.000,,,,,,,,,,,,,0.088,0.000,0.6,0.422,1.0,0,0.0,0.103,,1.82,,0.000,,,,,,,,,,0.0,125.0,3.8,,,,,,,0,62,,,,,,,,0,,3,,,,0.00,42.7,,0.00,42.7,,6.39,,,0.0,1,,,,,,,,0.1,,8.0,0.0,,,,,,0.0,,13.7,,,,,
44,"""07022""","Frankfurter, beef, unheated",49.0,1.0 hot dog,5.615,0.538,0.00,0.57,0.016,,0.000,0.004,0,0.037,0.24,,,,,0.0,0.706,0.055,0.0,,,0.126,,0.004,,0.001,0,,,,,,,1,,0,,,,1.087,0.022,0.176,1.81,0.040,0.52,0.129,0,0.011,0.129,0,0.011,,,,646,0.749,0.415,,,,0.065,26.69,0.0,0.08,,7.0,0.043,0.0,0.069,0.074,0.002,0.47,6.64,0.9,1,0.009,0.062,0.003,1.35,0.00,0.027,,,,0.474,424.0,0.002,,0.006,0.0,0.454,178.0,,,,,0.064,,0.00,5,154,0.002,,,,,,,,0.014,0,,,,0.00,15.6,,0.00,15.6,,1.46,0.000,,0.0,18,5.078,0.305,,0.126,,,,0.4,,5.0,5.784,,,0.01,0.014,0.813,0.0,,,0.0,,0.002,0.0,0.085
45,"""07024""","Frankfurter, chicken",85.0,3.0 oz,3.278,3.292,,2.53,0.048,0.870,0.000,,3,0.277,0.19,0.436,0.931,0.100,,,,,0.0,1.754,1.124,0.0,,0.023,,,0,21.3,,0.767,21.3,,0.767,,,0,0.121,13.18,0.0,3.984,0.066,0.016,0.657,0.303,,0.022,8,0.000,0.022,8,0.000,0.49,0.025,,793,0.082,0.071,,,,0.043,53.12,0.0,,,,,,,0.218,0.003,0.46,5.042,,0,0.005,0.275,0.000,2.6,,0.100,,,,,,,,,,2.909,172.0,4.9,0.587,13.76,0.614,,,,0,190,,0.088,,82.0,0.332,0.007,19.6,3,0.050,6,0.388,2.511,138.0,0.00,42.9,0.517,0.00,42.9,0.517,2.33,,0.043,0.0,18,4.166,2.865,,0.901,0.758,,0.000,0.4,0.456,17.0,4.249,0.308,0.0,,,,0.0,,,,,,,
46,"""43507""","Frankfurter, low sodium",57.0,1.0 frankfurter,6.862,0.786,,0.0,0.029,,0.000,,2,,,,,,,,,,,,,,,,,,0,,,,,,,,,0,,,,1.379,0.034,,2.255,0.154,,,,,,,,,,,744,,0.535,,,,,,,,,,,,,0.057,0.000,0.88,7.755,0.2,0,0.034,0.068,,0.56,,0.000,,,,,,,,,,0.632,95.0,2.1,,,,,,,0,178,,,,,,,,0,,2,,,,0.00,23.5,,0.00,23.5,,1.03,,,0.0,21,,,,,,,,0.5,,2.0,6.827,,,,,,0.0,,,,,,,
47,"""07950""","Frankfurter, meat",52.0,1.0 serving (1 hot dog),3.986,2.290,,,,,0.000,,3,,,,0.501,,,,,,,,,,,,0.0,,,,,,,,,,,0,,,,1.386,0.05,,1.073,0.076,,,,,,,,0.246,,,630,,0.139,,,,,,,,,,,,,0.063,0.000,0.82,5.921,,0,0.019,0.086,,1.82,,0.054,,,,,,,,,,2.16,79.0,,0.226,13.4,0.582,,,,0,151,,0.058,,40.0,0.196,,6.5,0,0.023,3,0.276,2.718,107.0,,,,,,,2.17,,,,,,,,,0.359,,0.037,,,,5.186,0.172,,,,,0.0,,,,,,,
48,"""07963""","Frankfurter, meat and poultry, cooked, boiled",50.0,1.0 frankfurter,4.108,2.856,0.00,1.35,0.022,0.390,0.000,0.017,4,0.127,0.23,0.190,0.38,0.005,,0.0,0.088,0.091,0.0,0.754,0.456,0.029,,0.054,,0.008,0,,,,,,,16,,0,0.120,5.16,0.0,1.336,0.02,0.040,1.116,0.131,1.21,0.018,4,0.025,0.018,4,0.025,0.185,0.004,0.14,622,0.096,0.141,,,,0.023,27.58,0.0,0.09,0.346,54.0,0.007,0.0,0.013,0.072,0.002,0.34,5.38,0.8,16,0.013,0.034,0.006,1.65,0.01,,0.3,0.001,,0.399,457.0,0.0,,0.009,0.0,2.557,162.0,2.0,0.365,13.14,0.406,0.023,,0.00,52,149,0.000,0.056,,42.0,0.15,0.018,6.7,0,0.010,3,0.211,2.750,90.0,0.00,27.1,0.214,0.00,27.1,0.214,2.48,0.000,,0.0,13,4.743,2.513,,0.276,0.334,,0.009,0.3,0.241,6.0,4.831,0.148,,0.017,0.057,0.118,0.0,0.01,9.7,0.01,0.124,0.001,0.0,0.021
49,"""07964""","Frankfurter, meat and poultry, cooked, grilled",48.0,1.0 frankfurter,3.945,2.823,0.00,1.37,0.024,0.387,0.000,0.017,4,0.122,0.22,0.189,0.377,0.005,,0.0,0.084,0.087,0.0,0.750,0.453,0.028,,0.054,,0.007,0,17.1,0.02,0.322,17.1,0.02,0.322,15,,0,0.120,5.12,0.0,1.468,0.021,0.038,1.073,0.127,1.22,0.016,4,0.024,0.016,4,0.024,0.184,0.004,0.14,606,0.090,0.136,,,,0.024,25.87,0.0,0.1,0.345,57.0,0.006,0.0,0.013,0.074,0.002,0.32,5.147,0.1,15,0.013,0.027,0.006,1.8,0.00,0.005,0.3,0.001,,0.375,518.0,0.0,,0.008,0.0,2.528,186.0,2.1,0.363,12.69,0.381,0.024,,0.00,51,145,0.000,0.056,,41.0,0.15,0.018,6.3,0,0.010,4,0.21,2.636,92.0,0.00,27.0,0.213,0.00,27.0,0.213,2.52,0.000,,0.0,13,4.545,2.484,,0.279,0.332,0.0,0.010,0.3,0.239,6.0,4.629,0.147,0.0,0.016,0.058,0.114,0.0,,9.2,0.03,0.123,0.001,0.0,0.021
50,"""42280""","Frankfurter, meat and poultry, low fat",143.0,"1.0 cup, sliced",1.387,0.515,,0.0,0.429,,0.000,,4,,,,,,,,,,,,,,,,0.1,,0,,,,,,,1,,0,,,,4.519,0.09,,0.456,0.037,,,,,,,,,,,722,,0.056,,,,,,,,,,,,,0.243,0.000,0.77,1.702,0.4,1,0.009,0.386,,4.86,,0.000,,,,,,,,,,0.436,373.0,9.6,,,,,,,4,173,,,,,,,,0,,4,,,,0.00,108.7,,0.00,108.7,,12.01,,,0.0,6,,,,,,,,0.1,,26.0,1.421,,,,,,0.0,,0.6,,,,,
51,"""07962""","Frankfurter, meat and poultry, unheated",51.0,1.0 frankfurter,3.867,2.747,0.00,1.4,0.024,0.375,0.000,0.016,3,0.121,0.22,0.183,0.366,0.005,,0.0,0.080,0.086,0.0,0.728,0.439,0.028,,0.053,,0.007,0,14.6,0.01,0.312,14.6,0.01,0.312,16,,0,0.116,4.96,0.0,1.435,0.021,0.038,1.055,0.125,1.25,0.017,3,0.023,0.017,3,0.023,0.178,0.004,0.15,590,0.086,0.134,,,,0.021,29.37,0.0,0.11,0.335,54.0,0.006,0.0,0.013,0.074,0.002,0.36,5.064,0.1,16,0.012,0.032,0.006,1.78,0.00,0.005,0.4,0.001,,0.37,498.0,0.0,,0.008,0.0,2.458,183.0,2.0,0.353,12.33,0.376,0.021,,0.00,52,141,0.001,0.054,,40.0,0.145,0.017,6.3,0,0.009,3,0.204,2.582,89.0,0.00,25.6,0.207,0.00,25.6,0.207,2.56,0.000,,0.0,14,4.472,2.418,,0.283,0.322,0.0,0.010,0.4,0.232,6.0,4.551,0.143,0.0,0.016,0.055,0.107,0.0,,11.5,0.02,0.120,0.001,0.0,0.019
52,"""07949""","Frankfurter, meat, heated",52.0,1.0 serving (1 hot dog),3.754,2.061,,,,,0.000,,3,,,,0.477,,,,,,,,,,,,0.0,,,,,,,,,,,0,,,,1.38,0.079,,0.985,0.067,,,,,,,,0.235,,,604,,0.122,,,,,,,,,,,,,0.062,0.000,0.82,5.586,,0,0.018,0.086,,1.66,,0.053,,,,,,,,,,1.942,73.0,,0.215,12.64,0.603,,,,0,145,,0.055,,38.0,0.186,,6.5,0,0.027,3,0.263,2.595,110.0,,,,,,,2.55,,,,,,,,,0.343,,0.035,,,,4.838,0.164,,,,,0.0,,,,,,,
53,"""07939""","Frankfurter, pork",76.0,1.0 link,6.626,1.697,,0.0,0.451,0.761,,,,,,,0.853,,,,,,,,,,,,0.1,,0,,,,,,,60,,0,,,,2.107,0.056,,2.269,0.115,,,,,,,,0.426,,,857,,0.155,1.0,2.81,0.118,,,,,,,,,,0.136,0.000,0.37,8.276,,60,0.002,0.245,,2.55,,0.000,,,,,,,,,,1.486,201.0,,0.458,18.0,0.309,,,,200,204,,0.114,,50.0,0.321,,21.1,0,0.012,2,0.434,4.132,130.0,,,,,,,0.21,,,0.0,,,,,,0.619,,0.001,,,,7.699,0.357,,,,,0.0,,1.5,,,,,
54,"""07025""","Frankfurter, turkey",28.35,1.0 oz,1.142,1.120,0.00,0.34,0.010,0.330,0.000,,2,0.055,0.18,0.168,0.351,0.009,,,,,0.0,0.680,0.412,0.0,,0.006,,,0,8.8,,0.265,8.8,,0.265,,,0,0.033,3.47,0.0,1.043,0.02,0.013,0.314,0.055,0.29,0.004,3,0.000,0.004,3,0.000,0.194,0.000,0.05,265,0.165,0.040,0.0,0.42,0.03,0.059,17.86,0.0,,,,,,,0.051,0.000,0.23,1.626,,0,0.002,0.041,0.000,1.04,,0.009,,,,,,,,,0.0,1.05,111.0,1.3,0.198,4.9,0.094,,,,0,63,,0.032,,22.0,0.144,0.002,4.3,0,0.009,3,0.153,0.765,49.0,0.00,13.7,0.189,0.00,13.7,0.189,1.08,,0.059,0.0,7,1.342,0.991,,0.159,0.264,,0.000,0.2,0.166,4.0,1.506,0.154,0.0,,,,0.0,,,,,,0.0,
55,"""07032""",Ham and cheese loaf or roll,28.0,"1.0 slice (1 oz) (4"" x 4"" x 3/32"" thick)",1.95,0.566,,0.0,0.168,0.379,0.000,,1,,,,0.422,,10.2,,,,,,,,,,,,0,,,,,,,,,0,,,,0.967,0.022,,0.613,0.070,,,,,,,,0.201,,,283,,0.109,0.0,0.25,0.066,,,,,,,,,,0.052,0.000,0.23,2.405,,0,0.021,0.073,,0.95,,0.000,,,,,,,,,,0.496,82.0,1.8,0.22,5.24,0.187,,,,0,67,,0.058,,16.0,0.157,,9.7,0,,1,0.211,1.187,71.0,0.00,18.6,0.188,0.00,18.6,0.188,1.12,,,0.0,12,,,,,0.313,,0.021,0.3,0.225,4.0,2.218,0.190,,,,,0.0,,,,,,,
56,"""07033""",Ham and cheese spread,15.0,1.0 tbsp,1.293,0.207,,,,,0.000,,0,,,,0.221,,,,,,,,,,,,0.0,,,,,,,,,14,,,,,,0.323,0.013,,0.317,0.022,,,,,,,,0.102,,,154,,0.167,0.0,0.11,0.038,,,,,,,,,,0.033,0.000,0.11,1.062,,14,0.054,0.020,,0.58,,0.000,,,,,,,,,,0.184,24.0,,0.203,2.78,0.116,,,,46,37,,0.056,,9.0,0.1,,5.0,0,0.005,0,0.116,0.674,74.0,,,,,,,0.34,,,,,,,,,0.134,,0.042,,,,0.946,0.090,,,,,,,,,,,,
57,"""07031""",Ham salad spread,15.0,1.0 tbsp,0.757,0.403,,0.0,0.065,0.109,0.000,,0,,,,0.116,,,,,,,,,,,,,,0,,,,,,,,,0,,,,0.314,0.011,,0.251,0.049,,,,,,,,0.061,,,136,,0.024,0.0,0.09,0.008,,,,,,,,,,0.018,0.000,0.11,1.076,,0,0.002,0.022,,0.38,,0.000,0.1,,,,,,,,,0.354,22.0,1.0,0.06,2.33,0.070,,,,0,32,,0.013,,6.0,0.042,,2.7,0,0.002,0,0.06,0.478,18.0,0.00,10.3,0.056,0.00,10.3,0.056,1.6,,,0.0,4,,,,,0.089,,0.003,0.1,0.067,2.0,1.005,0.052,,,,,0.0,,,,,,,
58,"""07026""","Ham, chopped, canned",28.35,1.0 oz,1.783,0.584,,0.0,0.152,0.354,0.000,,0,,,,0.391,,,,,,,,,,,,,,0,,,,,,,,,0,,,,0.907,0.014,,0.564,0.057,,,,,,,,0.203,,,284,,0.068,0.0,0.27,0.054,,,,,,,,,,0.047,0.000,0.2,2.597,,0,0.003,0.091,,1.16,,0.000,0.2,,,,,,,,,0.527,81.0,1.8,0.194,5.34,0.190,,,,0,68,,0.052,,14.0,0.149,,5.3,0,0.007,0,0.196,1.140,39.0,0.00,18.3,0.178,0.00,18.3,0.178,0.07,,,0.0,7,,,,,0.283,,0.009,0.2,0.204,4.0,2.407,0.181,,,,,0.0,,0.6,,,,,
59,"""07027""","Ham, chopped, not canned",28.0,"1.0 slice (1 oz) (4"" x 4"" x 3/32"" thick)",1.708,0.591,,1.4,0.177,,0.000,,0,,,,,,,,,,,,,,,,,,0,,,,,,,,,0,,,,1.086,0.017,,0.507,0.084,,,,,,,,,,,259,,0.064,,,,,,,,,,,,,0.057,0.000,0.26,2.296,,0,0.006,0.098,,1.04,,0.000,0.2,,,,,,,,,0.507,89.0,2.1,,,,,,,0,62,,,,,,,,0,,0,,,,0.00,21.6,,0.00,21.6,,0.0,,,0.0,8,,,,,,,,0.2,,4.0,2.108,,,,,,0.0,,,,,,,
60,"""07938""","Ham, honey, smoked, cooked",55.0,1.0 oz (1 serving),0.479,0.127,,0.0,0.221,,,,,,,,,,,,,,,,,,,,,,0,,,,,,,,,0,,,,1.252,0.023,,0.136,0.004,,,,,,,,,,,281,,0.022,,,,,,,,,,,,,0.056,,0.21,0.682,,0,0.0,0.127,,1.37,,,,,,,,,,,,0.123,91.0,,,,,,,,0,67,,,,,,,,0,0.015,1,,,,,,,,,,4.0,,,0.0,,,,,,,,,,,,0.641,,,,,,0.0,,0.3,,,,,
61,"""07030""","Ham, minced",28.35,1.0 oz,2.036,0.700,,0.0,0.202,0.357,0.000,,0,,,,0.387,,,,,,,,,,,,,,0,,,,,,,,,0,,,,1.18,0.023,,0.683,0.088,,,,,,,,0.208,,,312,,0.079,0.0,0.22,0.054,,,,,,,,,,0.054,0.000,0.27,2.716,,0,0.009,0.074,,1.09,,0.000,0.2,,,,,,,,,0.612,88.0,1.9,0.202,5.86,0.207,,,,0,75,,0.044,,20.0,0.152,,5.7,0,0.009,0,0.198,1.253,45.0,0.00,19.7,0.192,0.00,19.7,0.192,0.52,,,0.0,7,,,,,0.29,,0.011,0.2,0.212,5.0,2.509,0.171,,,,,0.0,,,,,,,
62,"""07028""","Ham, sliced, pre-packaged, deli meat (96%fat free, water added)",13.0,1.0 slice,0.16,0.081,,0.0,0.044,,,0.001,0,0.002,0.04,,,,,,,,0.0,,,0.001,,0.003,,0.000,0,0.6,,,0.6,,,,,0,,,,0.741,0.007,0.001,0.049,0.002,,0.0,0,0.001,0.0,0,0.001,,,,58,0.002,0.006,,,,0.0,9.73,0.0,,,,0.000,0.0,0.0,0.035,0.000,0.05,0.21,,0,0.0,0.051,0.000,0.46,,0.000,,,,0.012,123.0,0.0,,,,0.066,60.0,0.4,,,,0.0,,,0,14,,,,,,,,,0.002,0,,,,0.00,8.1,,0.00,8.1,,0.09,0.000,,0.0,3,0.191,0.065,,0.091,,,,0.1,,2.0,0.193,,0.0,0.001,0.007,0.002,0.0,,,,,,,
63,"""07029""","Ham, sliced, regular (approximately 11% fat)",56.0,56.0 grams 1 serving,0.28,0.442,,0.56,0.351,0.552,0.000,,4,,,,0.622,,,,,,,,,,,,0.7,,0,,,,,,,,,0,,9.3,0.0,1.626,0.05,,0.543,0.034,,,,,,,,0.312,,,385,,0.061,3.0,0.57,0.09,,,,0.0,0.381,13.0,,,,0.1,0.000,0.24,2.438,,0,0.006,0.184,,2.07,0.00,,0.4,,,,,,,,,0.387,161.0,3.0,0.306,4.93,0.153,,,,0,92,,0.087,,32.0,0.236,,11.6,0,0.312,4,0.321,1.032,86.0,0.00,45.9,0.290,0.00,45.9,0.290,2.03,,,0.0,16,,,,,0.469,,0.003,0.4,0.375,12.0,2.243,0.267,,,,,0.0,,2.2,,,,,
64,"""42128""","Ham, turkey, sliced, extra lean, prepackaged or deli",138.0,1.0 cup pieces,0.69,1.584,,0.69,0.069,,0.000,,8,,,,,,,,,,,,,,,,,,0,,,,,,,,,0,,,,4.871,0.152,,0.523,0.051,,,,,,,,,,,776,,0.036,,,,,,,,,,,,,0.345,0.000,0.36,1.192,,0,0.015,0.317,,2.3,,0.015,0.0,,,,,,,,,1.271,413.0,6.9,,,,,,,0,185,,,,,,,,0,,8,,,,0.00,81.6,,0.00,81.6,,1.28,,,0.0,3,,,,,,,,0.0,,28.0,0.981,,,,,,0.0,,,,,,,
65,"""07034""","Headcheese, pork",28.0,"1.0 slice (1 oz) (4"" x 4"" x 3/32"" thick)",0.953,0.318,,0.0,0.006,,0.000,,1,,,,,,,,,,,,,,,,,,0,,,,,,,,,0,,,,0.123,0.034,,0.294,0.037,,,,,,,,,,,184,,0.052,,,,,,,,,,,,,0.032,0.000,0.29,1.568,1.0,0,0.004,0.053,,0.58,,0.000,0.3,,,,,,,,,0.281,9.0,0.8,,,,,,,0,44,,,,,,,,0,,1,,,,0.00,29.1,,0.00,29.1,,0.0,,,0.0,10,,,,,,,,0.3,,3.0,1.408,,,,,,0.0,,,,,,,
66,"""07088""","Honey roll sausage, beef",23.0,"1.0 slice (4"" dia x 1/8"" thick)",0.938,0.113,,,,,0.000,,1,,,,0.349,,,,,,,,,,,,0.0,,,,,,,,,0,,,,,,0.958,0.023,,0.313,0.025,,,,,,,,0.179,,,175,,0.064,0.0,0.51,0.051,,,,,,,,,,0.042,0.000,0.54,1.109,,0,0.005,0.062,,0.92,,0.000,,,,,,,,,,0.087,67.0,,0.233,2.42,0.143,,,,0,42,,0.035,,12.0,0.129,,3.6,0,0.009,1,0.175,0.552,32.0,,,,,,,0.5,,,,,,,,,0.289,,0.005,0.2,0.196,4.0,0.966,0.124,,,,,,,,,,,,
67,"""07278""",Hormel Pillow Pak Sliced Turkey Pepperoni,30.0,1.0 serving,1.056,0.996,,0.0,,,,,,,,,,,,,,,,,,,,,,,0,,,,,,,4,,0,,,,,,,0.305,0.088,,,,,,,,,,,305,,0.037,,,,,,,,,,,,,,,,1.395,,4,0.0,,,1.76,,,,,,,,,,,,0.908,135.0,,,,,,,,15,73,,,,,,,,0,,1,,,,,,,,,,1.13,,,0.0,,,,,,,,,,,,1.265,,,,,,0.0,,,,,,,
68,"""07968""","Kielbasa, fully cooked, grilled",85.0,3.0 oz,8.41,4.576,0.00,2.03,0.128,0.777,,0.031,0,0.209,0.32,0.378,0.707,0.068,,0.0,0.180,0.211,0.0,1.611,0.899,0.077,,0.14,,0.021,0,17.1,0.03,0.655,17.1,0.03,0.655,8,,0,0.099,10.58,0.0,3.168,0.048,0.096,2.547,0.215,1.46,0.031,0,0.049,0.031,0,0.049,0.351,0.006,0.57,1198,0.194,0.334,,,,0.04,41.97,0.0,0.28,0.722,36.0,0.014,0.0,0.026,0.18,0.003,0.61,10.679,0.0,8,0.022,0.082,0.010,2.94,0.01,0.068,0.8,0.003,,0.591,903.0,0.0,,0.016,0.0,4.019,260.0,3.4,0.711,25.23,0.604,0.039,,0.00,27,286,0.005,0.105,,62.0,0.297,0.044,16.8,,0.048,0,0.422,5.301,173.0,0.00,35.5,0.437,0.00,35.5,0.437,4.28,0.000,,0.0,30,9.500,3.931,,0.547,0.657,,0.025,0.8,0.500,14.0,9.681,0.306,0.0,0.028,0.093,0.234,0.0,0.01,12.5,0.03,0.243,0.003,0.0,0.048
69,"""07969""","Kielbasa, fully cooked, pan-fried",370.0,1.0 link,35.102,20.195,0.00,8.81,0.540,3.356,,0.126,0,1.04,1.44,1.635,3.056,0.244,,0.04,0.847,0.825,0.0,6.960,3.885,0.329,,0.555,,0.085,0,,,,,,,37,,0,0.429,45.73,0.0,13.668,0.218,0.422,10.73,1.066,6.59,0.152,0,0.200,0.152,0,0.200,1.517,0.022,2.22,5162,0.914,1.425,,,,0.185,184.93,0.0,0.89,3.115,148.0,0.067,0.0,0.122,0.773,0.015,2.66,43.623,0.0,37,0.089,0.351,0.044,12.77,0.00,0.244,3.3,0.011,,2.394,3870.0,0.0,,0.074,0.0,17.712,1125.0,14.4,3.071,108.89,2.457,0.185,,0.00,118,1232,0.015,0.455,,270.0,1.284,0.181,69.2,,0.200,0,1.82,21.967,736.0,0.00,153.6,1.887,0.00,153.6,1.887,17.69,0.000,,0.0,33,38.746,17.32,,2.342,2.838,0.0,0.104,0.7,2.161,56.0,39.594,1.321,,0.115,0.407,1.099,0.0,0.04,59.9,0.07,1.051,0.011,0.0,0.207
70,"""07970""","Kielbasa, fully cooked, unheated",85.0,3.0 oz,8.231,4.505,0.00,1.74,0.128,0.711,0.000,0.031,1,0.206,0.36,0.343,0.666,0.079,,0.04,0.152,0.212,0.0,1.425,0.827,0.072,,0.149,,0.023,0,13.3,0.01,0.582,13.3,0.01,0.582,7,,0,0.222,9.21,0.0,2.676,0.056,0.090,2.522,0.211,1.36,0.024,1,0.050,0.024,1,0.050,0.342,0.005,0.38,1155,0.162,0.326,,,,0.031,44.9,0.0,0.31,0.630,20.0,0.011,0.0,0.022,0.133,0.003,0.58,10.358,0.3,7,0.024,0.085,0.010,2.55,0.00,0.079,0.6,0.003,,0.527,789.0,0.0,,0.017,0.0,3.949,184.0,2.9,0.624,25.19,0.537,0.031,,0.00,23,276,0.006,0.093,,52.0,0.277,0.046,15.0,0,0.046,1,0.371,5.160,143.0,0.00,32.6,0.399,0.00,32.6,0.399,3.16,0.000,,0.0,26,9.276,3.877,,0.501,0.599,0.0,0.025,0.6,0.431,12.0,9.427,0.286,0.0,0.026,0.086,0.194,0.0,0.11,16.2,0.01,0.225,0.003,0.0,0.043
71,"""07934""","Kielbasa, Polish, turkey and beef, smoked",56.0,1.0 serving 2 oz,3.489,1.305,,0.0,,,,,,,,,,,,,,,,,,,,,,,0,,,,,,,,,,,,,,,,,,,,,,,,,,,,530,,,,,,,,,,,,,,,,,,4.631,,0,,,,1.9,,,,,,,,,,,,,,,,,,,,,0,127,,,,,,,,,,,,,,,,,,,,2.18,,,0.0,,,,,,,,,,,,,,,,,,0.0,,8.3,,,,,
72,"""07038""","Knackwurst, knockwurst, pork, beef",72.0,1.0 link,7.351,2.102,,0.0,0.246,0.629,0.000,,1,,,,0.727,,,,,,,,,,,,,,0,,,,,,,,,0,,,,1.968,0.043,,2.491,0.317,,,,,,,,0.311,,,923,,0.418,0.0,0.48,0.162,,,,,,,,,,0.101,0.000,0.85,9.223,1.2,0,0.065,0.122,,1.94,,0.000,,,,,,,,,,1.786,143.0,1.7,0.495,19.94,0.922,,,,0,221,,0.099,,43.0,0.353,,9.7,0,0.015,1,0.46,4.298,71.0,0.00,39.6,0.382,0.00,39.6,0.382,2.3,,,0.0,32,,,,,0.678,,0.079,0.8,0.460,8.0,8.302,0.226,,,,,0.0,,,,,,,
73,"""07039""","Lebanon bologna, beef",57.0,1.0 serving 2 slices,1.593,0.147,,0.0,0.058,,0.000,,3,,,,,,,,,,,,,,,,,,0,,,,,,,7,,0,,,,1.837,0.042,,0.735,0.000,,,,,,,,,,,410,,0.190,,,,,,,,,,,,,0.094,0.000,1.65,2.529,0.2,7,0.0,0.223,,2.46,,0.000,,,,,,,,,,0.14,188.0,3.9,,,,,,,22,98,,,,,,,,0,0.013,3,,,,0.00,35.7,,0.00,35.7,,0.25,,,0.0,6,,,,,,,,0.2,,11.0,2.297,,,,,,0.0,,0.5,,,,,
74,"""07040""","Liver cheese, pork",28.35,1.0 oz,2.54,0.970,,,,,0.000,,29,,,,0.334,,,,,,,,,,,,0.0,,,,,,,,,1489,,,,,,3.336,0.109,,0.862,0.094,,,,,,,,0.185,,,361,,0.091,,,,,,,,,,,,,0.631,0.000,6.96,3.476,,1489,0.011,0.133,,0.99,,0.000,,,,,,,,,,0.876,64.0,,0.203,7.26,0.266,,,,4958,86,,0.058,,49.0,0.132,,10.3,0,0.057,29,0.179,1.562,59.0,,,,,,,0.6,,,,,,,,,0.235,,0.014,,,,3.209,0.111,,,,,,,,,,,,
75,"""07041""","Liver sausage, liverwurst, pork",18.0,"1.0 slice (2-1/2"" dia x 1/4"" thick)",1.908,0.468,,,,,0.000,,5,,,,0.208,,,,,,,,,,,,0.0,,,,,,,,,1495,,,,,,0.774,0.043,,0.596,0.025,,,,,,,,0.121,,,246,,0.077,,,,,,,,,,,,,0.185,0.000,2.42,2.401,,1495,0.0,0.034,,0.56,,0.000,,,,,,,,,,0.441,31.0,,0.153,5.13,0.191,,,,4980,59,,0.027,,28.0,0.065,,10.4,0,0.028,5,0.118,1.233,41.0,,,,,,,0.4,,,,,,,,,0.146,,0.000,,,,2.169,0.081,,,,,,,,,,,,
76,"""07911""",Liverwurst spread,55.0,0.25 cup,5.459,1.335,,0.91,0.150,0.626,0.000,,16,,,,0.635,,,,,,,,,,,,1.4,,0,,,,,,,2250,,0,,,,2.365,0.132,,1.706,0.072,,,,,,,,0.369,,,702,,0.222,,,,,,,,,,,,,0.567,0.000,7.4,6.757,,2250,0.0,0.104,,1.51,,0.000,,,,,,,,,,1.263,94.0,,0.468,14.0,0.546,,,,7500,168,,0.083,,65.0,0.199,,31.9,0,0.085,16,0.359,3.531,126.0,,,,,,,3.24,,,0.0,,,,,,0.447,,0.000,,,,6.211,0.246,,,,,0.0,,1.9,,,,,
77,"""07909""","Luncheon meat, pork and chicken, minced, canned, includes Spam Lite",56.0,2.0 oz (1 serving),2.528,0.823,,0.71,0.101,,0.000,,2,,,,,,,,,,,,,,,,,,0,,,,,,,,,0,,,,1.932,0.056,,0.79,0.067,,,,,,,,,,,459,,0.084,,,,,,,,,,,,,0.118,0.000,0.34,3.931,,0,0.006,0.158,,2.13,,0.000,0.3,,,,,,,,,0.756,258.0,3.5,,,,,,,0,110,,,,,,,,0,,2,,,,0.00,36.0,,0.00,36.0,,0.76,,,0.0,13,,,,,,,,0.3,,10.0,3.679,,,,,,0.0,,21.6,,,,,
78,"""07908""","Luncheon meat, pork with ham, minced, canned, includes Spam (Hormel)",56.0,2.0 oz 1 NLEA serving,5.593,1.131,,0.0,0.178,,0.000,,2,,,,,,,,,,,,,,,,,,0,,,,,,,,,0,,,,1.977,0.029,,1.889,0.043,,,,,,,,,,,738,,0.198,,,,,,,,,,,,,0.099,0.000,0.25,7.563,,0,0.013,0.122,,2.07,,0.000,0.3,,,,,,,,,1.059,229.0,3.8,,,,,,,0,176,,,,,,,,0,,2,,,,0.00,38.4,,0.00,38.4,,2.58,,,0.0,15,,,,,,,,0.3,,8.0,6.963,,,,,,0.0,,,,,,,
79,"""07045""","Luncheon meat, pork, canned",28.35,1.0 oz,3.059,1.009,,0.0,0.104,0.270,0.000,,2,,,,0.264,,,,,,,,,,,,,,0,,,,,,,,,0,,,,0.886,0.01,,1.018,0.133,,,,,,,,0.138,,,396,,0.105,,,,,,,,,,,,,0.055,0.000,0.26,4.051,,0,0.017,0.060,,1.02,,0.000,0.1,,,,,,,,,0.873,61.0,1.2,0.192,8.59,0.323,,,,0,95,,0.035,,18.0,0.109,,7.9,0,0.007,2,0.162,1.894,23.0,0.00,17.5,0.141,0.00,17.5,0.141,0.6,,,0.0,6,,,,,0.246,,0.023,0.1,0.185,3.0,3.725,0.101,,,,,0.0,,0.3,,,,,
80,"""07906""","Luncheon meat, pork, ham, and chicken, minced, canned, reduced sodium, added ascorbic acid, includes SPAM, 25% less sodium",56.0,2.0 oz 1 NLEA serving,4.969,1.493,,0.0,0.148,,0.000,,2,,,,,,,,,,,,,,,,,,0,,,,,,,,,0,,,,1.778,0.026,,1.474,0.129,,,,,,,,,,,687,,0.174,,,,,,,,,,,,,0.1,0.000,0.34,6.91,,0,0.026,0.158,,1.96,,0.000,0.3,,,,,,,,,1.364,316.0,3.4,,,,,,,0,164,,,,,,,,0,,2,,,,0.00,34.3,,0.00,34.3,,1.9,,,0.0,13,,,,,,,,0.3,,8.0,6.256,,,,,,0.0,,24.1,,,,,
81,"""07090""","Luncheon sausage, pork and beef",23.0,"1.0 slice (4"" dia x 1/8"" thick)",1.753,0.471,,,,,0.000,,1,,,,0.333,,,,,,,,,,,,0.0,,,,,,,,,0,,,,,,0.811,0.018,,0.609,0.064,,,,,,,,0.153,,,250,,0.069,0.0,0.33,0.065,,,,,,,,,,0.045,0.000,0.45,2.284,,0,0.005,0.046,,0.81,,0.000,,,,,,,,,,0.407,56.0,,0.205,4.81,0.191,,,,0,60,,0.037,,15.0,0.141,,3.5,0,0.010,1,0.181,1.065,28.0,,,,,,,0.36,,,,,,,,,0.26,,0.005,,,,2.095,0.114,,,,,,,,,,,,
82,"""07060""","Luxury loaf, pork",28.0,"1.0 slice (1 oz) (4"" x 4"" x 3/32"" thick)",0.442,0.143,,,,,0.000,,1,,,,0.463,,,,,,,,,,,,0.0,,,,,,,,,0,,,,,,0.975,0.028,,0.146,0.014,,,,,,,,0.246,,,165,,0.017,,,,,,,,,,,,,0.083,0.000,0.38,0.652,,0,0.003,0.087,,1.01,,0.000,,,,,,,,,,0.129,106.0,,0.255,1.34,0.050,,,,0,39,,0.06,,10.0,0.18,,6.0,0,0.011,1,0.228,0.272,52.0,,,,,,,1.37,,,,,,,,,0.328,,0.006,0.2,0.250,6.0,0.602,0.184,,,,,,,,,,,,
83,"""07940""","Macaroni and cheese loaf, chicken, pork and beef",38.0,1.0 slice,2.133,0.630,,0.0,0.090,0.344,0.000,,5,,,,0.274,,,,,,,,,,,,,,0,,,,,,,,,0,,,,1.079,0.042,,0.621,0.054,,,,,,,,0.169,,,363,,0.104,0.0,0.46,0.068,,,,,,,,,,0.095,0.000,0.26,2.893,,0,0.01,0.125,,1.53,,0.000,,,,,,,,,,0.556,119.0,,0.315,5.68,0.269,,,,0,87,,0.055,,17.0,0.144,,8.7,5,0.105,9,0.206,1.366,66.0,,,,,,,4.42,,,0.0,,,,,,0.242,,0.008,,,,2.57,0.123,,,,,0.0,,6.3,,,,,
84,"""07972""","Meatballs, frozen, Italian style",85.0,3.0 oz,6.483,2.844,0.18,2.95,0.116,,0.003,0.017,31,0.139,0.36,,,,,0.0,0.394,0.107,0.0,,,0.072,,0.06,2.0,0.010,0,23.9,0.00,,23.9,0.00,,19,,0,,,,2.642,0.105,0.106,2.005,0.143,1.37,0.071,31,0.029,0.071,31,0.029,,,,1017,0.422,0.324,,,,0.069,45.62,0.0,0.21,,68.0,0.028,0.0,0.042,0.196,0.004,0.85,7.81,7.0,19,0.019,0.172,0.008,2.24,0.03,0.003,0.1,0.003,,0.505,566.0,0.005,0.03,0.011,0.0,2.52,252.0,,,,,0.069,,0.41,62,243,0.000,,,,,,,0,0.240,31,,,,0.00,38.4,,0.00,38.4,,6.85,0.000,,0.0,2,6.632,2.393,,0.785,,,,0.1,,26.0,7.025,,0.0,0.019,0.056,0.49,0.0,,,0.0,,0.004,0.74,0.059
85,"""07050""","Mortadella, beef, pork",28.35,1.0 oz,2.696,0.885,,0.0,0.034,0.344,0.000,,1,,,,0.358,,,,,,,,,,,,,,0,,,,,,,,,0,,,,0.758,0.017,,0.916,0.062,,,,,,,,0.179,,,369,,0.145,0.0,0.4,0.058,,,,,,,,,,0.043,0.000,0.42,3.226,0.5,0,0.02,0.037,,0.82,,0.000,,,,,,,,,,0.825,46.0,0.9,0.312,7.2,0.323,,,,0,88,,0.043,,16.0,0.15,,6.4,0,0.009,1,0.201,1.539,27.0,0.00,20.5,0.188,0.00,20.5,0.188,0.86,,,0.0,12,,,,,0.291,,0.034,0.3,0.208,3.0,2.903,0.147,,,,,0.0,,,,,,,
86,"""07061""","Mother's loaf, pork",28.35,1.0 oz,2.254,0.731,,,,,0.000,,2,,,,0.334,,,,,,,,,,,,0.0,,,,,,,,,0,,,,,,0.885,0.026,,0.763,0.074,,,,,,,,0.171,,,335,,0.074,0.0,0.37,0.058,,,,,,,,,,0.048,0.000,0.3,2.931,,0,0.003,0.051,,0.91,,0.000,,,,,,,,,,0.658,64.0,,0.191,6.32,0.190,,,,0,80,,0.048,,13.0,0.127,,10.0,0,0.019,2,0.181,1.409,37.0,,,,,,,2.13,,,,,,,,,0.258,,0.009,0.3,0.189,5.0,2.744,0.151,,,,,,,,,,,,
87,"""07051""","Olive loaf, pork",28.0,"1.0 slice (1 oz) (4"" x 4"" x 3/32"" thick)",1.638,0.540,,0.0,0.083,0.244,0.000,,1,,,,0.227,,,,,,,,,,,,,,0,,,,,,,17,,0,,,,0.514,0.014,,0.566,0.031,,,,,,,,0.132,,,275,,0.076,,,,,,,,,,,,,0.073,0.000,0.35,2.204,1.0,17,0.003,0.064,,1.2,,0.000,,,,,,,,,,0.51,83.0,2.0,0.232,4.62,0.185,,,,56,66,,0.029,,11.0,0.107,,4.6,0,0.010,1,0.118,0.991,36.0,0.00,18.7,0.145,0.00,18.7,0.145,2.58,,,0.0,12,,,,,0.163,,0.003,0.3,0.142,5.0,2.019,0.082,,,,,0.0,,,,,,,
88,"""07201""","Oscar Mayer, Bologna (beef)",28.0,1.0 serving (1 slice),3.598,0.311,,0.39,0.014,,,,,,,,,,,,,,,,,,,,,,0,,,,,,,,,0,,,,0.678,0.031,,1.215,0.070,,,,,,,,,,,370,,0.274,,,,,,,,,,,,,0.031,,0.4,4.259,,0,0.006,0.048,,0.91,,,,,,,,,,,,0.241,47.0,,,,,,,,0,88,,,,,,,,0,,4,,,,,,,,,,0.69,,,0.0,9,,,,,,,,0.2,,4.0,3.802,,,,,,0.0,,,,,,,
89,"""07207""","Oscar Mayer, Braunschweiger Liver Sausage (sliced)",85.0,3.0 oz,9.299,3.171,,1.02,0.196,,,,,,,,,,,,,,,,,,,,0.2,,0,,,,,,,4015,,0,,,,7.811,0.425,,2.967,0.306,,,,,,,,,,,1179,,0.357,,,,,,,,,,,,,1.36,,15.96,13.158,,4015,0.034,0.281,,2.85,,,,,,,,,,,,2.865,172.0,,,,,,,,13382,281,,,,,,,,0,0.126,40,,,,,,,,,,2.21,,,0.0,37,,,,,,,,0.9,,12.0,12.13,,,,,,0.0,,7.7,,,,,
90,"""07209""","Oscar Mayer, Chicken Breast (honey glazed)",52.0,1.0 serving (4 slices),0.205,0.113,,2.24,,,,,,,,,,,,,,,,,,,,,,,0,,,,,,,,,0,,,,,,,0.054,0.009,,,,,,,,,,,236,,0.003,,,,,,,,,,,,,,,,0.293,,0,0.0,,,2.24,,,,,,,,,,,,0.104,171.0,,,,,,,,0,57,,,,,,,,0,,2,,,,,,,,,,2.24,,,0.0,,,,,,,,,,,,0.246,,,,,,0.0,,,,,,,
91,"""07212""","Oscar Mayer, Ham (chopped with natural juice)",28.0,1.0 serving (1 slice),1.136,0.357,,0.62,,,,,,,,,,,,,,,,,,,,,,,0,,,,,,,,,0,,,,,,,0.328,0.018,,,,,,,,,,,211,,0.046,,,,,,,,,,,,,,,,1.632,,0,0.005,,,1.02,,,,,,,,,,,,0.339,73.0,,,,,,,,0,50,,,,,,,,0,,1,,,,,,,,,,1.02,,,0.0,,,,,,,,,,,,1.526,,,,,,0.0,,,,,,,
92,"""07230""","Oscar Mayer, Salami (hard)",27.0,1.0 serving 3 slices,2.993,0.771,,0.05,0.154,,,,,,,,,,,,,,,,,,,,,,0,,,,,,,1,,0,,,,1.363,0.051,,0.951,0.071,,,,,,,,,,,416,,0.150,,,,,,,,,,,,,0.07,,0.51,4.053,,1,0.023,0.119,,1.5,,,,,,,,,,,,0.7,96.0,,,,,,,,12,99,,,,,,,,0,0.011,1,,,,,,,,,,0.43,,,0.0,17,,,,,,,,0.4,,6.0,3.703,,,,,,0.0,,,,,,,
93,"""07236""","Oscar Mayer, Smokies Sausage Little Cheese (pork, turkey)",9.0,1.0 link,1.004,0.251,,0.03,,,,,,,,,,,,,,,,,,,,,0.0,,,,,,,,,,,,,,,,,,0.307,0.015,,,,,,,,,,,118,,0.053,,,,,,,,,,,,,,,,1.187,,,0.007,,,0.31,,,,,,,,,,,,0.236,14.0,,,,,,,,0,28,,,,,,,,,,,,,,,,,,,,0.15,,,,,,,,,,,,,,,1.118,,,,,,,,,,,,,
94,"""07241""","Oscar Mayer, Wieners (beef franks)",45.0,1.0 serving,5.607,0.612,,0.72,0.015,,,,,,,,,,,,,,,,,,,,,,0,,,,,,,,,0,,,,1.031,0.063,0.189,1.799,0.108,,0.149,3,,0.149,3,,,,,619,,0.426,,,,,,,,,,,,,0.045,,0.73,6.633,,0,0.013,0.032,,1.27,,,,,,,,,,,,0.428,58.0,,,,,,,,0,148,,,,,,,,0,0.009,3,,,,,,,,,,1.25,,,0.0,11,,,,,,,,0.3,,6.0,,,,,,,0.0,,,,,,,
95,"""07925""","Pastrami, beef, 98% fat-free",57.0,1.0 serving 6 slices,0.0,0.023,,0.0,0.054,0.722,,,,,,,0.754,,,,,,,,,,,,,,0,,,,,,,,,0,,,,2.887,0.045,,,,,,,,,,,0.371,,,226,,,0.0,1.58,0.126,,,,,,,,,,0.097,,1.0,0.319,,0,,,,1.94,,,,,,,,,,,,,,,0.708,0.66,,,,,0,54,,0.089,,27.0,0.321,,5.9,0,0.007,4,0.425,,86.0,,,,,,,0.88,,,0.0,,,,,,0.607,,,,,,,,,,,,0.0,,19.7,,,,,
96,"""07052""","Pastrami, turkey",57.0,2.0 slices,0.795,0.809,,1.9,0.031,0.810,0.000,,3,,,,0.947,,,,,,,,,,,,0.1,,0,,,,,,,2,,0,,,,2.01,0.029,,0.257,0.040,,,,,,,,0.455,,,331,,0.023,,,,,,,,,,,,,0.142,0.000,0.14,1.1,0.0,2,0.006,0.154,,2.27,,0.006,0.1,,,,,,,,,0.752,197.0,3.4,0.484,3.54,0.194,,,,7,79,,0.116,,39.0,0.396,,9.2,0,0.007,3,0.523,0.633,114.0,0.00,38.0,0.459,0.00,38.0,0.459,1.9,,,0.0,6,,,,,0.735,,0.000,0.1,0.543,8.0,0.946,0.313,,,,,0.0,,4.6,,,,,
97,"""07053""","Pate, chicken liver, canned",13.0,1.0 tbsp,0.52,0.320,,0.0,0.007,0.155,0.000,,42,,,,0.124,,,,,,,,,,,,,,0,,,,,,,28,,0,,,,0.977,0.023,,0.133,0.013,,,,,,,,0.078,,,109,,0.012,0.0,1.19,0.028,,,,,,,,,,0.182,0.000,1.05,0.686,0.0,28,0.0,0.034,,0.16,,0.000,,,,,,,,,,0.281,12.0,1.8,0.091,1.7,0.081,,,,94,26,,0.025,,51.0,0.064,,6.0,0,0.021,42,0.096,0.363,23.0,0.00,29.7,0.089,0.00,29.7,0.089,0.85,,,0.0,,,,,,0.106,,0.000,0.0,0.112,2.0,0.586,0.045,,,,,0.0,,1.3,,,,,
98,"""07054""","Pate, goose liver, smoked, canned",13.0,1.0 tbsp,1.878,0.109,,,,,0.000,,8,,,,0.112,,,,,,,,,,,,0.0,,,,,,,,,130,,,,,,0.326,0.052,,0.595,0.001,,,,,,,,0.066,,,251,,0.038,0.0,0.71,0.02,,,,,,,,,,0.039,0.000,1.22,3.329,,130,0.004,0.008,,0.4,,0.000,,,,,,,,,,0.074,18.0,,0.073,5.7,0.182,,,,433,60,,0.021,,20.0,0.052,,5.7,0,0.016,8,0.079,1.228,26.0,,,,,,,0.61,,,,,,,,,0.091,,0.000,,,,3.125,0.039,,,,,,,,,,,,
99,"""07055""","Pate, liver, not specified, canned",13.0,1.0 tbsp,1.244,0.411,,,,,0.000,,8,,,,0.109,,,,,,,,,,,,,,0,,,,,,,129,,0,,,,0.429,0.052,,0.385,0.027,,,,,,,,0.074,,,174,,0.051,0.0,0.71,0.022,,,,,,,,,,0.078,0.000,0.42,1.607,,129,0.0,0.008,,0.29,,0.000,,,,,,,,,,0.357,18.0,,0.129,3.64,0.123,,,,429,41,,0.02,,33.0,0.059,,5.4,0,0.016,8,0.072,0.792,26.0,,,,,,,0.2,,,,,,,,,0.116,,0.000,,,,1.483,0.039,,,,,0.0,,0.3,,,,,
100,"""07942""","Pate, truffle flavor",56.0,1.0 serving 2 oz,5.656,1.915,,,,,0.000,,34,,,,0.469,,,,,,,,,,,,,,,,,,,,,555,,,,,,1.848,0.224,,1.658,0.118,,,,,,,,0.318,,,765,,0.218,,,,,,,,,,,,,0.336,0.000,1.79,7.616,,2523,0.0,0.034,,1.23,,0.000,,,,,,,,,,1.54,77.0,,0.557,15.96,0.532,,,,8400,183,,0.088,,59.0,0.254,,23.3,0,0.067,34,0.31,3.410,112.0,,,,,,,3.53,,,,,,,,,0.501,,0.000,,,,6.39,0.167,,,,,,,,,,,,
101,"""07056""","Peppered loaf, pork, beef",100.0,3.0 slices,2.28,0.500,,4.61,0.380,,0.000,,2,,,,,,,,,,,,,,,,,,0,,,,,,,,,0,,,,3.08,0.12,,0.79,0.070,,,,,,,,,,,624,,0.090,,,,,,,,,,,,,0.3,0.000,1.96,3.0,1.6,0,0.01,0.270,,4.4,,0.000,,,,,,,,,,0.43,394.0,6.5,,,,,,,0,149,,,,,,,,0,0.060,2,,,,0.00,73.0,,0.00,73.0,,4.53,,,0.0,32,,,,,,,,0.8,,20.0,2.72,,,,,,0.0,,,,,,,
102,"""07057""","Pepperoni, beef and pork, sliced",85.0,3.0 oz,15.052,3.789,0.00,0.0,0.230,1.339,0.001,0.031,4,0.139,0.88,0.661,1.404,0.003,,0.0,1.136,0.217,0.0,2.558,1.551,0.2,,0.116,,0.015,0,35.4,0.00,1.001,35.4,0.00,1.001,,,0,0.325,16.36,0.0,4.239,0.077,0.296,4.887,0.143,0.00,0.185,4,0.055,0.185,4,0.055,0.739,0.002,0.00,1794,1.190,0.875,,,,0.107,24.27,0.0,0.09,0.912,16.0,0.055,0.0,0.108,0.218,0.003,1.1,17.654,4.9,0,0.029,0.308,0.003,4.03,0.00,0.003,,,,1.108,1345.0,0.003,,0.017,0.0,3.324,233.0,2.4,0.733,39.34,1.162,0.105,,0.00,0,428,0.001,0.196,,82.0,0.562,0.054,24.6,0,0.913,4,0.766,8.769,134.0,0.00,43.5,0.655,0.00,43.5,0.655,1.0,0.000,,0.0,44,14.751,3.064,,0.790,1.103,,0.024,1.1,0.839,15.0,15.887,0.585,0.0,0.034,0.096,1.298,0.0,,,0.0,0.434,0.002,0.0,0.153
103,"""07058""","Pickle and pimiento loaf, pork",38.0,1.0 slice,2.009,1.066,0.00,3.21,0.149,0.284,0.000,,14,,,,0.303,,8.0,0.0,,0.033,,,,,,,0.6,,33,,,,,,,30,,0,,,,0.945,0.04,0.031,0.569,0.044,0.00,,,,,,,0.158,,0.00,357,,0.078,8.0,0.51,0.052,,,,0.0,0.264,41.0,,,,0.044,0.000,0.21,2.683,1.9,30,0.006,0.159,,1.55,0.00,,,,,,,,,,0.0,1.021,141.0,1.1,0.202,6.06,0.239,,,,99,86,,0.042,,22.0,0.125,0.016,3.0,0,0.042,14,0.17,1.317,58.0,0.00,12.0,0.160,0.00,12.0,0.160,3.21,,,2.0,13,,,,,0.326,,0.006,0.3,0.182,13.0,2.41,0.117,0.0,,,,0.0,,3.0,0.0,0.098,,0.0,
104,"""07062""","Picnic loaf, pork, beef",28.0,"1.0 slice (1 oz) (4"" x 4"" x 3/32"" thick)",1.7,0.529,,,,,0.000,,1,,,,0.334,,,,,,,,,,,,0.0,,,,,,,,,0,,,,,,0.646,0.02,,0.582,0.059,,,,,,,,0.184,,,272,,0.081,0.0,0.29,0.045,,,,,,,,,,0.068,0.000,0.42,2.15,,0,0.014,0.084,,0.97,,0.000,,,,,,,,,,0.47,75.0,,0.241,4.66,0.190,,,,0,65,,0.04,,11.0,0.128,,10.0,0,0.008,1,0.163,1.000,35.0,,,,,,,1.33,,,,,,,,,0.249,,0.022,0.3,0.180,4.0,1.96,0.122,,,,,,,,,,,,
105,"""07059""","Polish sausage, pork",85.0,3.0 oz,8.78,2.618,,,,,0.000,,2,,,,0.944,,,,,,,,,,,,0.0,,,,,,,,,0,,,,,,2.927,0.076,,2.873,0.246,,,,,,,,0.502,,,1159,,0.340,0.0,1.22,0.133,,,,,,,,,,0.126,0.000,0.83,11.492,,0,0.06,0.161,,2.04,,0.000,,,,,,,,,,2.372,201.0,,0.605,24.41,0.807,,,,0,277,,0.117,,60.0,0.377,,15.0,0,0.042,2,0.519,5.440,116.0,,,,,,,1.39,,,,,,,,,0.786,,0.060,,,,10.693,0.377,,,,,,,,,,,,
106,"""42190""","Pork sausage rice links, brown and serve, cooked",45.0,2.0 links 1 NLEA serving,5.771,1.833,,0.0,0.216,,0.000,,3,,,,,,,,,,,,,,,,,,0,,,,,,,,,0,,,,1.508,0.03,,0.988,0.148,,,,,,,,,,,766,,0.123,,,,,,,,,,,,,0.054,0.000,0.58,8.145,1.5,0,0.025,0.090,,1.0,,0.000,0.4,,,,,,,,,0.895,95.0,1.4,,,,,,,0,183,,,,,,,,0,0.036,3,,,,0.00,25.2,,0.00,25.2,,1.06,,,0.0,16,,,,,,,,0.4,,6.0,3.496,,,,,,0.0,,,,,,,
107,"""07064""","Pork sausage, link/patty, cooked, pan-fried",27.0,1.0 patty,2.383,1.381,0.00,0.29,0.069,0.367,0.000,0.014,0,0.038,0.24,0.179,0.335,0.002,,0.0,0.023,0.09,0.0,0.762,0.425,0.016,,0.067,,0.008,0,,,,,,,8,,0,0.115,5.0,0.0,1.652,0.019,0.019,0.742,0.039,0.17,0.002,0,0.019,0.002,0,0.019,0.166,0.002,0.09,367,0.025,0.087,,,,0.007,13.47,0.0,0.01,0.341,2.0,0.002,0.0,0.004,0.048,0.001,0.26,3.116,0.0,8,0.005,0.053,0.002,0.78,0.00,0.002,0.4,0.001,,0.148,220.0,0.0,,0.007,0.0,1.2,92.0,,0.336,7.36,0.150,0.007,,0.04,25,88,0.000,0.05,,23.0,0.14,0.018,5.6,0,0.006,0,0.199,1.497,40.0,0.00,16.8,0.207,0.00,16.8,0.207,0.38,0.000,,0.0,16,2.833,1.184,,0.217,0.311,0.0,0.006,0.4,0.237,4.0,2.856,0.145,,0.011,0.033,0.032,0.0,,,0.02,0.115,0.000,0.0,0.009
108,"""07953""","Pork sausage, link/patty, fully cooked, microwaved",30.0,1.0 patty,4.067,2.412,0.00,0.19,0.073,0.333,0.000,0.016,0,0.086,0.26,0.162,0.303,0.002,,0.01,0.043,0.101,0.0,0.690,0.385,0.032,,0.09,,0.013,0,6.8,0.01,0.281,6.8,0.01,0.281,7,,0,0.108,4.54,0.0,1.298,0.026,0.041,1.268,0.090,0.08,0.004,0,0.028,0.004,0,0.028,0.15,0.003,0.00,550,0.047,0.152,,,,0.016,11.89,0.0,0.05,0.309,5.0,0.003,0.0,0.007,0.054,0.001,0.23,4.934,0.9,7,0.01,0.041,0.003,0.93,0.00,0.002,0.3,0.001,,0.233,297.0,0.0,,0.008,0.0,2.132,68.0,0.8,0.305,12.5,0.236,0.015,,0.11,22,131,0.000,0.045,,24.0,0.127,0.023,6.8,0,0.020,0,0.181,2.549,58.0,0.00,15.6,0.187,0.00,15.6,0.187,0.19,0.000,,0.0,12,4.516,2.1,,0.193,0.282,,0.011,0.3,0.214,4.0,4.56,0.131,0.0,0.015,0.043,0.063,0.0,,,0.09,0.104,0.001,0.0,0.017
109,"""07967""","Pork sausage, link/patty, fully cooked, unheated",23.0,1.0 link,2.79,1.591,0.00,0.12,0.055,0.231,,0.011,0,0.057,0.16,0.111,0.217,0.001,,0.0,0.030,0.069,0.0,0.464,0.269,0.022,,0.06,,0.009,0,4.3,0.00,0.190,4.3,0.00,0.190,5,,0,0.063,3.1,0.0,0.916,0.016,0.027,0.872,0.059,0.06,0.002,0,0.019,0.002,0,0.019,0.111,0.001,0.00,377,0.032,0.104,,,,0.01,10.57,0.0,0.04,0.205,4.0,0.002,0.0,0.005,0.041,0.001,0.17,3.389,0.9,5,0.007,0.033,0.002,0.6,0.00,0.001,0.3,0.000,,0.161,186.0,0.0,,0.006,0.0,1.405,49.0,1.0,0.203,8.57,0.164,0.01,,0.06,16,90,0.000,0.03,,17.0,0.09,0.016,4.7,,0.012,0,0.121,1.747,38.0,0.00,10.4,0.129,0.00,10.4,0.129,0.16,0.000,,0.0,11,3.101,1.383,,0.131,0.195,0.0,0.008,0.3,0.140,3.0,3.131,0.093,0.0,0.01,0.029,0.042,0.0,,,0.21,0.073,0.001,0.0,0.012
110,"""07966""","Pork sausage, link/patty, reduced fat, cooked, pan-fried",85.0,3.0 oz,5.129,3.563,,0.0,0.320,1.306,0.000,0.039,1,0.091,1.04,0.636,1.189,0.004,,0.0,0.052,0.201,0.0,2.709,1.511,0.035,,0.168,,0.019,0,,,,,,,24,,0,0.411,17.8,0.0,6.576,0.075,0.045,1.592,0.095,,0.003,1,0.048,0.003,1,0.048,0.59,0.003,,950,0.058,0.181,,,,0.02,47.5,0.0,0.09,1.214,16.0,0.006,0.0,0.009,0.178,0.003,0.99,6.817,0.0,24,0.013,0.240,0.007,2.31,0.00,0.004,1.2,0.002,,0.309,593.0,0.0,,,,3.084,279.0,5.7,1.196,17.27,0.315,0.019,,,79,227,0.001,0.178,,70.0,0.5,0.040,25.5,0,0.044,1,0.708,3.225,157.0,0.00,59.8,0.735,0.00,59.8,0.735,0.13,0.000,,0.0,49,6.207,3.045,,0.816,1.106,0.0,0.014,1.2,0.841,19.0,6.259,0.514,,0.029,0.104,0.077,0.0,,,0.09,0.409,0.002,,
111,"""07965""","Pork sausage, link/patty, reduced fat, unprepared",85.0,3.0 oz,3.713,2.571,,0.0,0.264,1.062,0.000,0.028,2,0.066,0.84,0.512,0.996,0.003,,0.0,0.039,0.145,0.0,2.132,1.237,0.026,,0.122,,0.014,0,,,,,,,23,,0,0.283,14.24,0.0,5.259,0.075,0.031,1.149,0.071,,0.003,2,0.035,0.003,2,0.035,0.511,0.003,,771,0.043,0.132,,,,0.012,54.58,0.0,0.07,0.942,13.0,0.003,0.0,0.007,0.145,0.001,0.89,5.006,0.0,23,0.009,0.230,0.004,1.94,0.00,0.003,0.3,0.000,,0.224,494.0,0.0,,,,2.224,234.0,4.3,0.932,14.07,0.228,0.011,,,78,184,0.000,0.139,,57.0,0.414,0.027,19.3,0,0.036,2,0.554,2.339,130.0,0.00,48.7,0.596,0.00,48.7,0.596,0.17,0.000,,0.0,14,4.562,2.198,,0.706,0.897,0.0,0.012,0.3,0.644,15.0,4.601,0.428,,0.021,0.074,0.054,0.0,,,0.05,0.337,0.000,,
112,"""07063""","Pork sausage, link/patty, unprepared",25.0,1.0 link,1.893,1.108,0.00,0.23,0.056,0.300,0.000,0.011,0,0.031,0.25,0.144,0.281,0.002,,0.0,0.018,0.069,0.0,0.603,0.349,0.013,,0.051,,0.006,0,4.6,0.01,0.246,4.6,0.01,0.246,7,,0,0.076,3.85,0.0,1.355,0.014,0.016,0.594,0.032,0.14,0.001,0,0.015,0.001,0,0.015,0.144,0.001,0.07,302,0.020,0.069,,,,0.005,14.15,0.0,0.02,0.266,2.0,0.002,0.0,0.003,0.037,0.000,0.23,2.461,0.1,7,0.004,0.043,0.002,0.64,0.00,0.002,0.3,0.000,,0.115,185.0,0.0,,0.005,0.0,0.965,77.0,1.2,0.264,6.2,0.117,0.005,,0.03,23,72,0.000,0.039,,18.0,0.117,0.014,4.5,0,0.004,0,0.157,1.184,33.0,0.00,13.1,0.168,0.00,13.1,0.168,0.23,0.000,,0.0,14,2.242,0.952,,0.172,0.254,0.0,0.005,0.3,0.182,4.0,2.26,0.121,0.0,0.009,0.027,0.025,0.0,,,0.02,0.095,0.000,0.0,0.007
113,"""07978""","Pork sausage, reduced sodium, cooked",85.0,3.0 oz,7.0,2.891,,0.0,0.256,0.739,0.000,,2,,,,0.822,,,,,,0.0,1.426,0.851,0.0,,0.091,,,0,,,,,,,8,,0,0.007,8.0,0.0,2.049,0.04,0.052,2.23,0.111,,0.003,2,0.013,0.003,2,0.013,0.415,,,965,,0.271,,,,,,,,,,,,,0.117,0.000,0.31,8.264,0.0,8,0.014,0.163,0.000,1.05,,0.000,,,,,,,,,,2.609,136.0,,0.369,19.0,0.438,,,,25,230,,0.115,,50.0,0.329,0.027,13.1,0,,2,0.43,4.338,94.0,0.00,33.9,0.379,0.00,33.9,0.379,6.91,,,0.0,26,,,,,0.574,,0.014,0.7,0.490,9.0,7.681,0.367,,,,,0.0,,,,,,,
114,"""07067""",Poultry salad sandwich spread,13.0,1.0 tbsp,0.449,0.809,,0.0,0.003,0.114,0.000,,1,,,,0.131,,,,,,,,,,,,,,0,,,,,,,5,,0,,,,0.217,0.004,,0.057,0.007,,,,,,,,0.065,,,109,,0.000,0.0,0.08,0.018,,,,,,,,,,0.009,0.000,0.05,0.422,0.0,5,0.0,0.014,,0.16,,0.000,0.0,,,,,,,,,0.776,24.0,0.5,0.072,1.76,0.033,,,,18,26,,0.017,,4.0,0.054,,1.4,0,0.001,1,0.076,0.385,4.0,0.00,6.4,0.061,0.00,6.4,0.061,0.96,,,0.0,1,,,,,0.101,,0.000,0.0,0.077,1.0,0.352,0.045,,,,,0.0,,0.1,,,,,
115,"""07912""",Roast beef spread,57.0,1.0 serving .25 cup,3.648,0.243,,0.4,0.011,,,,,,,,,,,,,,,,,,,,0.1,,0,,,,,,,,,0,,,,2.394,0.058,,,,,,,,,,,,,,531,,,,,,,,,,,,,,,0.131,0.000,1.36,3.185,,0,,,,1.72,,0.000,,,,,,,,,,0.205,148.0,,,,,,,,1,127,,,,,,,,0,,5,,,,,,,,,,2.13,,,0.0,,,,,,,,,,,,2.896,,,,,,0.0,,0.1,,,,,
116,"""07043""","Roast beef, deli style, prepackaged, sliced",9.3,1.0 slice oval,0.123,0.025,0.00,0.03,0.004,,0.000,0.000,0,0.002,0.05,,,,,0.0,0.011,0.001,0.0,,,0.003,,0.0,,,0,,,,,,,0,,0,0.012,1.73,0.0,0.519,0.008,0.003,0.04,0.002,0.03,0.002,0,0.001,0.002,0,0.001,,,,45,0.012,0.008,,,,0.002,6.86,0.0,0.0,,0.0,0.001,0.0,0.001,0.02,0.001,0.19,0.141,0.1,0,0.0,0.043,0.000,0.31,0.00,,0.0,,,0.01,79.0,0.0,,0.001,0.0,0.017,60.0,,,,,0.002,,0.00,1,11,0.000,,,,,,,0,0.001,0,,,,0.00,4.1,,0.00,4.1,,0.06,0.000,,0.0,0,0.113,0.013,,0.053,,,,0.0,,2.0,0.124,,,0.001,0.003,0.014,0.0,,,0.0,,,0.0,0.002
117,"""07068""","Salami, cooked, beef",26.0,1.0 slice,2.565,0.269,,0.39,0.027,0.287,0.000,,1,,,,0.3,,10.7,,,,,,,,,,,,0,,,,,,,,,0,,,,0.842,0.049,,1.004,0.098,,,,,,,,0.148,,,284,,0.147,0.0,0.57,0.05,,,,,,,,,,0.049,0.000,0.8,2.768,0.3,0,0.0,0.047,,0.86,,0.000,,,,,,,,,,0.172,49.0,0.7,0.282,5.77,0.269,,,,0,68,,0.036,,18.0,0.128,,3.8,0,0.012,1,0.169,1.396,53.0,0.00,14.9,0.158,0.00,14.9,0.158,0.49,,,0.0,12,,,,,0.242,,0.017,0.3,0.172,3.0,2.499,0.125,,,,,0.0,,,,,,,
118,"""07069""","Salami, cooked, beef and pork",12.3,1.0 slice round,1.146,0.311,0.00,0.12,0.045,0.114,0.000,,0,0.015,0.03,0.059,0.136,0.000,5.1,,,,0.0,0.237,0.158,0.0,,0.01,,,0,3.4,,0.108,3.4,,0.108,,,0,0.039,2.69,0.0,0.745,0.044,0.016,0.37,0.015,0.06,0.01,0,0.000,0.01,0,0.000,0.064,,0.00,173,0.053,0.057,0.0,0.19,0.024,0.019,5.56,0.0,,,,,,,0.044,0.000,0.19,1.369,0.4,0,0.0,0.056,,0.57,,0.000,,,,,,,,,0.0,0.277,39.0,0.5,0.102,3.19,0.085,,,,0,41,,0.014,,11.0,0.068,0.005,3.8,0,0.120,0,0.083,0.691,23.0,0.00,11.5,0.066,0.00,11.5,0.066,0.3,,0.019,0.0,5,1.204,0.259,,0.148,0.105,,0.000,0.1,0.082,2.0,1.257,0.044,0.0,,,,0.0,,,,,,0.0,
119,"""07070""","Salami, cooked, turkey",28.0,1.0 serving,0.779,0.690,,0.31,0.119,0.341,0.000,,3,,,,0.404,,11.5,0.0,,0.007,,,,,,,0.0,,0,,,,,,,1,,0,,5.38,0.0,1.114,0.053,,0.184,0.015,,,,,,,,0.191,,,201,,0.034,0.0,0.35,0.045,,,,0.0,0.213,11.0,,,,0.085,0.000,0.28,0.888,0.4,1,0.005,0.120,,0.47,0.00,,,,,,,,,,,0.641,60.0,1.1,0.178,2.58,0.075,,,,2,48,,0.049,,21.0,0.169,,7.4,0,0.006,3,0.223,0.557,74.0,0.00,14.9,0.191,0.00,14.9,0.191,0.43,,,0.0,7,,,,,0.299,,0.000,0.2,0.228,6.0,0.806,0.134,0.0,,,,0.0,,,0.0,0.124,,,
120,"""07071""","Salami, dry or hard, pork",113.0,1.0 package (4 oz),13.436,4.226,,,,,0.000,,2,,,,2.122,,,,,,,,,,,,0.0,,,,,,,,,0,,,,,,6.328,0.181,,4.023,0.316,,,,,,,,1.144,,,1924,,0.588,0.0,1.47,0.327,,,,,,,,,,0.373,0.000,3.16,18.08,,0,0.0,0.622,,6.69,,0.000,,,,,,,,,,3.695,427.0,,1.51,38.1,1.379,,,,0,460,,0.286,,89.0,0.775,,28.7,0,0.079,2,1.225,8.633,259.0,,,,,,,1.81,,,,,,,,,1.551,,0.000,,,,16.577,0.694,,,,,,,,,,,,
121,"""07072""","Salami, dry or hard, pork, beef",9.8,1.0 slice,1.119,0.480,0.00,0.03,0.038,0.170,,0.004,0,0.017,0.06,0.086,0.184,0.002,,0.0,0.039,0.024,0.0,0.315,0.193,0.012,,0.017,,0.002,0,,,,,,,1,,0,0.007,2.06,0.0,0.598,0.009,0.014,0.346,0.018,0.00,0.005,0,0.006,0.005,0,0.006,0.091,0.000,0.00,155,0.041,0.051,0.0,0.13,0.023,0.006,4.04,0.0,0.02,0.093,2.0,0.002,0.0,0.004,0.019,0.000,0.11,1.442,0.0,1,0.003,0.043,0.000,0.53,0.00,0.002,0.1,0.000,,0.08,172.0,0.0,,0.002,0.0,0.418,36.0,0.6,0.083,3.1,0.083,0.006,,0.02,4,37,0.000,0.025,,11.0,0.082,0.005,3.3,,0.093,0,0.098,0.691,19.0,0.00,7.1,0.086,0.00,7.1,0.086,0.07,0.000,,0.0,4,1.278,0.403,,0.099,0.133,,0.005,0.1,0.104,2.0,1.316,0.084,,0.004,0.013,0.047,0.0,,,0.3,0.057,0.000,0.0,0.008
122,"""07926""","Salami, Italian, pork",28.0,1.0 oz,3.668,1.008,,0.34,0.260,0.455,0.000,,1,,,,0.526,,11.5,,,,,,,,,,,,0,,,,,,,,,0,,,,1.568,0.045,,0.997,,,,,,,,,0.283,,,498,,0.146,0.0,0.43,0.081,,,,,,,,,,0.092,,0.78,5.096,,0,0.0,0.154,,1.54,,,,,,,,,,,,,,,0.374,10.36,,,,,0,119,,0.071,,22.0,0.192,,7.1,0,0.020,1,0.304,2.139,64.0,,,,,,,0.34,,,0.0,,,,,,0.384,,0.000,,,,,,,,,,0.0,,,,,,,
123,"""07941""","Salami, Italian, pork and beef, dry, sliced, 50% less sodium",28.0,1.0 serving 5 slices,2.73,0.641,,0.0,0.168,0.485,,,,,,,0.511,,,,,,,,,,,,,,0,,,,,,,,,0,,,,1.363,0.022,,,,,,,,,,,0.269,,,410,,,0.0,0.42,0.073,,,,,,,,,,0.08,,0.53,3.696,0.4,0,,,,1.37,,,,,,,,,,,,,,,0.333,7.39,,,,,0,98,,0.059,,25.0,0.199,,7.3,0,0.011,1,0.272,,40.0,,,,,,,1.79,,,0.0,,,,,,0.424,,,,,,,,,,,,0.0,,,,,,,
124,"""07913""","Salami, pork, beef, less sodium",100.0,3.0 oz,10.58,3.067,,6.21,0.738,0.929,0.000,,8,,,,1.107,,41.2,,,,,,,,,,0.2,,0,,,,,,,4,,0,,,,4.803,0.088,,3.48,0.410,,,,,,,,0.521,,,1657,,0.470,0.0,1.55,0.196,,,,,,,,,,0.336,0.000,1.76,13.32,,4,0.07,0.489,,5.37,,0.000,,,,,,,,,,1.61,1372.0,,0.831,30.5,0.890,,,,12,396,,0.114,,90.0,0.552,,14.6,0,0.057,8,0.675,4.530,272.0,,,,,,,15.38,,,0.0,32,,,,,0.855,,0.100,0.8,0.668,31.0,8.3,0.359,,,,,0.0,,0.7,,,,,
125,"""07073""","Sandwich spread, pork, beef",15.0,1.0 tbsp,0.897,0.385,,0.0,0.026,0.090,0.000,,0,,,,0.099,,,,,,,,,,,,0.0,,0,,,,,,,4,,0,,,,0.26,0.02,,0.302,0.057,,,,,,,,0.05,,,147,,0.043,0.0,0.12,0.016,,,,,,,,,,0.02,0.000,0.17,1.138,0.2,4,0.007,0.018,,0.42,,0.000,,,,,,,,,,0.328,16.0,0.8,0.052,2.6,0.106,,,,13,35,,0.012,,6.0,0.035,,1.5,0,0.004,0,0.05,0.536,9.0,0.00,9.3,0.046,0.00,9.3,0.046,1.79,,,0.0,3,,,,,0.08,,0.007,0.1,0.053,1.0,1.031,0.042,,,,,0.0,,,,,,,
126,"""13357""","Sausage, beef, cured, cooked, smoked",43.0,1.0 sausage,4.919,0.452,,,,,0.000,,2,,,,0.465,,,,,,,,,,,,0.0,,,,,,,,,0,,,,,,1.372,0.031,,1.66,0.039,,,,,,,,0.229,,,561,,0.378,0.0,0.76,0.078,,,,,,,,,,0.06,0.000,0.8,5.577,,0,0.026,0.047,,1.29,,0.000,,,,,,,,,,0.413,76.0,,0.437,11.57,0.658,,,,0,134,,0.055,,29.0,0.198,,6.3,0,0.004,2,0.262,2.593,45.0,,,,,,,1.04,,,,,,,,,0.375,,0.039,,,,4.919,0.193,,,,,,,,,,,,
127,"""07956""","Sausage, beef, fresh, cooked",43.0,1.0 serving,4.689,0.285,,0.0,0.021,0.642,0.000,,1,0.021,0.10,0.323,0.691,,,0.0,,0.043,0.013,1.284,0.760,,,,,,0,,,,,,,5,,0,0.122,7.83,5.0,1.548,0.03,,1.402,0.000,,0.11,1,0.000,0.11,1,0.000,0.346,0.021,,596,,0.000,,,,,,,0.03,0.550,5.0,,,,0.065,0.000,0.86,5.435,0.5,6,0.0,0.135,,1.01,0.00,,0.2,,,,,,,,,0.244,111.0,4.5,0.396,12.03,0.000,,,,35,143,,0.051,,35.0,0.249,,0.0,0,,1,0.372,2.720,61.0,0.00,22.1,0.331,0.00,22.1,0.331,0.15,,,5.0,8,,,,,0.52,,0.000,0.2,0.425,6.0,4.817,0.281,,,,,0.0,,,0.0,0.175,,,
128,"""07004""","Sausage, Berliner, pork, beef",23.0,1.0 slice,1.398,0.363,,0.54,0.087,0.186,0.000,,1,,,,0.208,,,,,,,,,,,,,,0,,,,,,,,,0,,,,0.715,0.018,,0.492,0.041,,,,,,,,0.107,,,222,,0.051,0.0,0.26,0.024,,,,,,,,,,0.049,0.000,0.61,1.84,0.4,0,0.002,0.046,,0.91,,0.000,,,,,,,,,,0.322,65.0,,0.155,3.96,0.152,,,,0,53,,0.025,,11.0,0.089,,3.2,0,0.009,1,0.112,0.849,30.0,,,,,,,0.6,,,0.0,3,,,,,0.176,,0.005,0.1,0.107,3.0,1.688,0.091,,,,,0.0,,,,,,,
129,"""07954""","Sausage, breakfast sausage, beef, pre-cooked, unprepared",19.0,1.0 link,2.147,0.341,0.00,0.19,0.010,,0.000,0.003,1,0.016,0.09,,,,,,,,0.0,,,0.039,,0.005,,0.001,0,,,,,,,4,,0,0.055,2.45,0.0,0.457,0.013,0.050,0.662,0.017,0.19,0.048,1,0.006,0.048,1,0.006,,,,260,0.205,0.150,,,,0.019,9.73,0.0,,,,0.012,0.0,0.021,0.025,0.000,0.22,2.588,0.5,4,0.003,0.029,0.001,0.58,,0.004,,,,0.204,172.0,0.001,,0.002,0.0,0.3,54.0,1.4,,,,0.018,,0.00,15,62,0.001,,,,,,,0,0.026,1,,,,0.00,8.7,,0.00,8.7,,0.88,0.000,,0.0,1,2.066,0.256,,0.061,,,,0.0,,3.0,2.259,,,0.005,0.008,0.224,0.0,,,,,,0.0,0.025
130,"""07928""","Sausage, chicken, beef, pork, skinless, smoked",84.0,1.0 link,4.032,0.711,,1.6,0.076,0.877,0.000,,5,,,,0.917,,,,,,,,,,,,,,0,,,,,,,,,,,,,1.551,0.053,,1.254,0.156,,,,,,,,0.475,,,759,,0.296,0.0,4.03,0.13,,,,,,,,,,0.139,0.000,1.34,6.019,,0,0.026,0.179,,2.94,,0.000,,,,,,,,,,0.538,207.0,,0.647,12.01,0.668,,,,0,181,,0.122,,101.0,0.376,,17.0,0,0.013,5,0.515,2.415,111.0,,,,,,,6.8,,,0.0,,,,,,0.718,,0.030,,,,5.317,0.358,,,,,0.0,,,,,,,
131,"""07089""","Sausage, Italian, pork, mild, cooked, pan-fried",87.0,1.0 link,7.854,4.287,0.00,1.24,0.301,,0.001,0.038,1,0.156,0.22,,,,,,,,0.0,,,0.05,,0.183,,0.024,0,,,,,,,9,,0,,,,5.463,0.064,0.060,2.489,0.160,1.24,0.004,1,0.054,0.004,1,0.054,,,,1179,0.066,0.287,,,,0.017,44.0,0.0,,,,0.006,0.0,0.011,0.229,0.006,0.78,10.111,3.0,9,0.015,0.323,0.009,2.4,,0.008,,,,0.498,697.0,0.005,,0.021,0.0,3.712,295.0,5.1,,,,0.017,,0.00,28,282,0.001,,,,,,,0,0.031,3,,,,0.00,53.8,,0.00,53.8,,1.62,0.000,,0.0,36,9.235,3.669,,0.729,,,,0.9,,17.0,9.296,,,0.03,0.106,0.084,0.0,,,,,,0.0,0.026
132,"""07036""","Sausage, Italian, pork, mild, raw",101.0,1.0 link,8.701,4.430,,1.2,,,0.000,0.038,,0.154,,,,,,,,,0.0,,,0.052,,0.194,,0.027,0,,,,,,,,,0,0.007,14.04,0.0,5.858,0.065,0.069,2.765,0.160,1.20,0.006,,0.058,0.006,,0.058,,,,1224,0.092,0.313,,,,0.024,57.0,0.0,,,,0.007,0.0,0.012,0.232,0.002,1.01,11.134,,0,0.016,,0.011,2.44,,0.010,,,,0.539,569.0,0.006,,,,3.858,213.0,,,,,0.023,,,0,293,0.003,,,,,,,0,0.032,,,,,,,,,,,3.0,0.000,,0.0,,10.147,3.807,,,,,,,,,10.233,,,0.031,0.094,0.116,0.0,,,,,,,
133,"""07914""","Sausage, Italian, sweet, links",84.0,1.0 link 3 oz,2.736,0.414,,0.0,0.144,0.638,0.000,,3,,,,0.674,,,,,,,,,,,,,,0,,,,,,,,,0,,,,1.458,0.034,,0.848,0.080,,,,,,,,0.35,,,522,,0.185,0.0,1.0,0.092,,,,,,,,,,0.105,0.000,0.87,3.048,,0,0.014,0.157,,1.47,,0.000,,,,,,,,,,0.316,163.0,,0.377,7.07,0.312,,,,2,125,,0.093,,25.0,0.276,,9.1,0,0.006,3,0.368,1.668,87.0,,,,,,,1.76,,,0.0,,,,,,0.484,,0.020,,,,2.716,0.280,,,,,0.0,,0.2,,,,,
134,"""07927""","Sausage, Italian, turkey, smoked",56.0,1.0 serving 2 oz,1.905,0.880,,1.79,0.040,0.822,0.000,,4,,,,0.948,,,,,,,,,,,,0.5,,0,,,,,,,24,,0,,,,2.058,0.062,,0.482,0.048,,,,,,,,0.458,,,369,,0.057,0.0,5.38,0.114,,,,,,,,,,0.097,0.000,0.24,1.333,,24,0.01,0.213,,1.71,,0.004,,,,,,,,,,0.768,110.0,,0.507,4.9,0.212,,,,81,88,,0.117,,30.0,0.402,,12.4,0,0.037,4,0.529,1.354,104.0,,,,,,,2.6,,,0.0,,,,,,0.724,,0.001,,,,1.112,0.314,,,,,0.0,,17.0,,,,,
135,"""07091""","Sausage, New england brand, pork, beef",23.0,"1.0 slice (4"" dia x 1/8"" thick)",0.589,0.166,,,,,0.000,,2,,,,0.348,,,,,,,,,,,,0.0,,,,,,,,,0,,,,,,0.8,0.023,,0.191,0.021,,,,,,,,0.174,,,155,,0.023,,,,,,,,,,,,,0.057,0.000,0.31,0.837,,0,0.002,0.083,,0.82,,0.000,,,,,,,,,,0.147,74.0,,0.175,1.74,0.069,,,,0,37,,0.044,,11.0,0.123,,4.4,0,0.008,2,0.175,0.373,31.0,,,,,,,1.11,,,,,,,,,0.276,,0.002,,,,0.766,0.150,,,,,,,,,,,,
136,"""07915""","Sausage, Polish, beef with chicken, hot",55.0,1.0 serving 5 pieces,4.405,0.435,,0.0,0.276,0.592,,,,,,,0.611,,,,,,,,,,,,,,0,,,,,,,,,0,,,,1.894,0.05,,,,,,,,,,,0.325,,,597,,,0.0,0.48,0.086,,,,,,,,,,0.081,,0.54,5.335,,0,,,,2.31,,,,,,,,,,,,,,,0.392,10.67,,,,,0,142,,0.076,,36.0,0.244,,9.7,0,0.027,1,0.336,,75.0,,,,,,,1.98,,,0.0,,,,,,0.509,,,,,,,,,,,,0.0,,,,,,,
137,"""07916""","Sausage, Polish, pork and beef, smoked",76.0,1.0 serving 2.67 oz,6.997,2.148,,0.0,0.198,0.616,0.000,,3,,,,0.686,,,,,,,,,,,,,,0,,,,,,,,,0,,,,2.453,0.046,,2.339,0.250,,,,,,,,0.353,,,957,,0.270,,,,,,,,,,,,,0.129,0.000,1.15,9.35,,0,0.027,0.129,,2.14,,0.000,,,,,,,,,,1.898,144.0,,0.511,20.19,0.745,,,,0,229,,0.081,,54.0,0.293,,10.0,0,0.028,3,0.369,4.329,81.0,,,,,,,1.5,,,0.0,33,,,,,0.581,,0.033,0.8,0.353,9.0,8.605,0.300,,,,,0.0,,,,,,,
138,"""07065""","Sausage, pork and beef, fresh, cooked",13.0,"1.0 link (raw dimensions: 4"" long x 7/8"" dia), cooked",1.685,0.507,,0.0,0.046,0.127,0.000,,0,,,,0.141,,,,,,,,,,,,,,0,,,,,,,,,0,,,,0.438,0.005,,0.503,0.042,,,,,,,,0.072,,,215,,0.078,0.0,0.15,0.018,,,,,,,,,,0.019,0.000,0.06,2.233,0.2,0,0.0,0.007,,0.35,,0.000,,,,,,,,,,0.45,25.0,0.4,0.085,4.71,0.176,,,,0,51,,0.017,,9.0,0.053,,1.9,0,0.005,0,0.069,1.080,14.0,0.00,7.6,0.069,0.00,7.6,0.069,0.35,,,0.0,4,,,,,0.11,,0.000,0.1,0.077,2.0,2.054,0.054,,,,,0.0,,,,,,,
139,"""07917""","Sausage, pork and beef, with cheddar cheese, smoked",77.0,12.0 oz serving 2.7 oz,7.301,2.106,,0.08,0.192,0.847,0.000,,2,,,,0.893,,,,,,,,,,,,,,0,,,,,,,,,0,,,,2.233,0.054,,2.322,0.279,,,,,,,,0.416,,,955,,0.390,,,,,,,,,,,,,0.123,0.000,1.33,9.515,,0,0.07,0.100,,2.33,,0.000,,,,,,,,,,1.827,159.0,,0.747,19.9,0.795,,,,0,228,,0.115,,49.0,0.4,,5.8,0,0.025,2,0.477,4.456,137.0,,,,,,,1.64,,,0.0,9,,,,,0.647,,0.063,0.2,0.531,10.0,8.72,0.362,,,,,0.0,,,,,,,
140,"""07957""","Sausage, pork and turkey, pre-cooked",57.0,1.0 serving,5.632,2.567,,0.0,0.051,0.520,0.000,,6,0.115,0.30,0.281,0.521,,,0.0,,0.121,0.0,1.107,0.671,,,,0.0,,40,,,,,,,11,,0,0.104,6.87,6.0,1.556,0.064,0.052,1.721,0.115,,0.0,6,,0.0,6,,0.271,0.000,,815,,0.203,,,,,,,0.06,0.448,42.0,,,,0.056,0.000,0.33,7.441,3.2,12,0.0,0.071,,1.72,0.00,,,,,,,,,,,2.312,131.0,,0.349,17.46,0.477,,,,58,195,,0.051,,41.0,0.211,0.029,0.0,0,0.136,6,0.298,3.627,78.0,,,,,,,2.07,,,6.0,,,,,,0.458,,0.000,,,,6.843,0.206,,,,,0.0,,0.4,0.0,0.129,,,
141,"""07019""","Sausage, pork, chorizo, link or ground, raw",28.35,1.0 oz,2.437,1.218,,0.0,0.059,,0.000,0.010,0,0.044,0.06,,,,,,,,0.0,,,0.014,,0.048,,0.006,0,,,,,,,,,0,0.002,3.86,0.0,1.551,0.024,0.019,0.768,0.046,,0.002,0,0.015,0.002,0,0.015,,,,351,0.028,0.090,,,,0.007,15.53,0.0,,,,0.001,0.0,0.004,0.088,0.001,0.57,3.006,,0,0.006,0.089,0.003,0.77,,0.002,,,,0.142,223.0,0.002,,,,1.065,87.0,1.2,,,,0.007,,,0,84,0.001,,,,,,,,0.026,0,,,,0.00,27.4,,0.00,27.4,,1.07,0.000,,0.0,17,2.748,1.05,,,,,,0.4,,6.0,2.774,,,0.009,0.027,0.035,0.0,,,,,,,
142,"""07979""","Sausage, pork, turkey, and beef, reduced sodium",85.0,3.0 oz,9.107,1.261,0.00,0.02,0.354,1.223,0.000,0.005,14,,,,1.317,,4.3,0.0,,0.092,0.0,2.352,1.413,0.151,,0.006,0.1,,4,0.7,0.00,0.966,0.7,0.00,0.966,5,,0,0.003,9.1,0.0,4.823,0.059,0.169,2.821,0.045,0.00,0.151,14,0.006,0.151,14,0.006,0.618,,0.02,1012,,0.475,0.0,1.36,0.163,,,,0.01,0.994,20.0,,,,0.343,0.002,1.42,3.721,1.4,5,0.014,0.245,0.002,2.1,0.00,0.001,0.1,0.001,,,,,,0.003,0.0,1.119,204.0,6.0,0.786,22.77,0.749,,,,15,241,0.000,0.099,0.00,60.0,0.495,0.016,15.6,0,0.011,14,0.68,5.536,125.0,0.02,51.0,0.632,0.02,51.0,0.632,0.09,,,0.0,3,,,,,1.017,,0.002,0.1,0.750,14.0,2.578,0.510,0.0,,,,0.0,,0.7,0.01,0.408,0.000,0.0,
143,"""07074""","Sausage, smoked link sausage, pork",68.0,"1.0 link (4"" long x 1-1/8"" dia)",6.333,2.466,0.00,0.64,0.144,1.151,0.000,,1,0.115,0.17,0.577,1.187,0.000,,,,,0.0,2.262,1.382,0.0,,0.091,,,0,9.3,,0.965,9.3,,0.965,,,0,0.143,8.15,0.0,1.909,0.12,0.054,2.071,0.115,0.48,0.0,1,,0.0,1,,0.632,,0.00,881,0.107,0.231,,,,0.05,38.41,0.0,,,,,,,0.122,0.000,0.45,7.624,,0,0.0,0.122,,2.11,,0.000,,,,,,,,,0.0,2.215,328.0,1.2,0.762,19.2,0.384,,,,0,210,,0.147,,41.0,0.475,0.031,12.4,0,0.007,1,0.647,3.947,107.0,0.00,41.5,0.625,0.00,41.5,0.625,0.64,,0.050,0.0,29,7.005,2.166,,0.364,0.989,,0.000,0.7,0.726,7.0,7.113,0.475,0.0,,,,0.0,,,,,,0.0,
144,"""07075""","Sausage, smoked link sausage, pork and beef",85.0,3.0 oz,8.304,3.338,,0.0,0.163,,0.000,,2,0.176,0.11,,,,,0.0,,0.197,0.0,,,,,,,,0,,,,,,,9,,0,,,,2.499,0.065,0.099,2.625,0.176,,0.0,2,,0.0,2,,,,,1137,,0.339,,,,,,,0.07,,10.0,,,,0.09,0.000,0.49,10.402,0.0,11,0.0,0.139,,2.46,0.00,,,,,,,,,,,2.959,152.0,1.8,,,,,,,63,272,,,,,,,,0,0.041,2,,,,0.00,43.1,,0.00,43.1,,2.06,,,9.0,37,,,,,,,,0.9,,11.0,9.573,,,,,,0.0,,,0.0,,,,
145,"""07077""","Sausage, smoked link sausage, pork and beef (nonfat dry milk added)",68.0,"1.0 link (4"" long x 1-1/8"" dia)",6.61,2.054,,,,,0.000,,1,,,,0.709,,,,,,,,,,,,0.0,,,,,,,,,0,,,,,,1.935,0.061,,2.23,0.265,,,,,,,,0.375,,,891,,0.245,0.0,1.0,0.103,,,,,,,,,,0.146,0.000,1.07,8.595,,0,0.041,0.122,,2.24,,0.000,,,,,,,,,,1.788,194.0,,0.554,18.77,0.666,,,,0,213,,0.092,,44.0,0.307,,9.5,0,0.026,1,0.411,4.026,93.0,,,,,,,1.31,,,,,,,,,0.553,,0.061,,,,7.929,0.282,,,,,,,,,,,,
146,"""07918""","Sausage, summer, pork and beef, sticks, with cheddar cheese",28.35,1.0 oz,2.968,0.856,,0.03,0.071,0.312,0.000,,2,,,,0.329,,,,,,,,,,,,0.1,,0,,,,,,,64,,0,,,,0.822,0.02,,0.944,0.113,,,,,,,,0.153,,,505,,0.159,,,,,,,,,,,,,0.045,0.000,0.49,3.878,,64,0.028,0.037,,1.37,,0.000,,,,,,,,,,0.743,58.0,,0.275,10.75,0.323,,,,212,121,,0.043,,25.0,0.147,,2.1,0,0.009,2,0.176,1.812,50.0,,,,,,,0.52,,,0.0,3,,,,,0.238,,0.026,0.1,0.196,4.0,3.545,0.133,,,,,0.0,,,,,,,
147,"""42173""","Sausage, turkey and pork, fresh, bulk, patty or link, cooked",130.0,"1.0 cup, cooked",10.335,4.225,,0.0,0.663,,0.000,,5,,,,,,,,,,,,,,,,,,0,,,,,,,,,0,,,,5.486,0.192,,3.42,0.494,,,,,,,,,,,1669,,0.408,,,,,,,,,,,,,0.325,0.000,1.64,12.635,7.4,0,0.086,0.442,,3.51,,0.009,2.6,,,,,,,,,3.588,438.0,5.6,,,,,,,0,399,,,,,,,,0,,5,,,,0.00,103.9,,0.00,103.9,,0.91,,,0.0,103,,,,,,,,2.6,,25.0,11.571,,,,,,0.0,,1.4,,,,,
148,"""07919""","Sausage, turkey, breakfast links, mild, raw",28.0,1.0 link,0.79,0.841,,0.0,0.011,,0.000,0.005,2,0.05,0.05,,,,,,,,0.0,,,0.004,,0.005,,0.001,0,10.2,,,10.2,,,,,0,0.056,4.45,0.0,1.241,0.02,0.008,0.203,0.052,,0.006,2,0.004,0.006,2,0.004,,,,204,0.030,0.027,,,,0.005,19.0,0.0,,,,0.001,0.0,0.004,0.084,0.001,0.36,1.025,0.1,0,0.001,0.073,,0.74,,0.011,0.1,0.001,,0.087,200.0,0.001,,,,0.741,72.0,0.8,,,,0.005,,,0,49,0.002,,,,,,,0,0.022,2,,,,0.00,9.5,,0.00,9.5,,0.89,0.000,,0.0,5,0.869,0.732,,0.226,,,,0.1,,6.0,0.899,,0.0,0.004,0.026,0.036,0.0,,,,,,,
149,"""07958""","Sausage, turkey, fresh, cooked",57.0,1.0 serving,1.292,1.542,,0.0,0.048,0.955,0.000,,3,0.091,0.10,0.494,1.074,,,0.0,,0.017,0.0,2.028,1.145,,,,0.0,,6,,,,,,,6,,0,0.129,13.62,6.0,3.26,0.083,0.015,0.362,0.099,,0.007,3,0.000,0.007,3,0.000,0.508,0.007,,468,,0.046,,,,,,,0.09,0.740,13.0,,,,0.145,0.000,0.7,1.704,0.9,7,0.005,0.184,0.000,1.14,0.00,,,,,,,,,,,1.359,170.0,,0.565,5.95,0.142,,,,43,112,,0.105,,52.0,0.424,0.006,0.0,0,0.014,3,0.566,0.850,115.0,,,,,,,0.0,,,6.0,,,,,,0.823,,0.000,,,,1.537,0.329,,,,,0.0,,0.4,0.0,0.304,,,
150,"""07955""","Sausage, turkey, fresh, raw",57.0,1.0 serving,1.119,1.360,,0.0,0.044,0.750,0.000,,3,0.076,0.07,0.382,0.839,,,0.0,,0.015,0.0,1.574,0.896,,,,0.0,,6,,,,,,,6,,0,0.107,10.71,6.0,2.622,0.049,0.013,0.316,0.082,,0.006,3,0.000,0.006,3,0.000,0.405,0.006,,369,,0.040,,,,,,,0.07,0.533,11.0,,,,0.133,0.000,0.74,1.496,0.0,7,0.0,0.246,,1.28,0.00,,,,,,,,,,,1.208,149.0,,0.42,4.61,0.121,,,,43,88,,0.074,,43.0,0.328,,0.0,0,0.012,3,0.443,0.743,101.0,,,,,,,0.27,,,6.0,,,,,,,,,,,,1.354,0.267,,,,,0.0,,1.3,0.0,0.237,,,
151,"""07929""","Sausage, turkey, hot, smoked",56.0,2.0 oz,1.905,0.880,,1.79,0.040,0.671,0.000,,4,,,,0.794,,,,,,,,,,,,0.2,,0,,,,,,,24,,0,,,,2.058,0.062,,0.482,0.048,,,,,,,,0.375,,,369,,0.057,,,,,,,,,,,,,0.097,0.000,0.24,1.333,0.4,24,0.01,0.213,,1.71,,0.004,0.1,,,,,,,,,0.768,110.0,2.1,0.351,4.9,0.212,,,,81,88,,0.096,,30.0,0.333,,12.4,0,,4,0.438,1.354,104.0,0.00,23.0,0.375,0.00,23.0,0.375,2.6,,,0.0,4,,,,,0.588,,0.001,0.1,0.448,14.0,1.112,0.263,,,,,0.0,,17.0,,,,,
152,"""07900""","Sausage, turkey, pork, and beef, low fat, smoked",85.0,3.0 oz,0.723,0.280,,0.0,0.111,,0.000,,5,,,,,,,,,,,,,,,,0.5,,0,,,,,,,,,0,,,,1.317,0.114,,0.229,0.014,,,,,,,,,,,360,,0.031,,,,,,,,,,,,,0.068,0.000,0.24,0.872,,0,0.003,0.085,,1.41,,0.001,,,,,,,,,,0.241,207.0,4.4,,,,,,,0,86,,,,,,,,0,,5,,,,0.00,50.1,,0.00,50.1,,9.81,,,0.0,3,,,,,,,,0.1,,14.0,0.777,,,,,,0.0,,1.6,,,,,
153,"""07066""","Sausage, turkey, reduced fat, brown and serve, cooked",128.0,1.0 cup,3.675,3.252,0.00,0.0,0.084,1.682,0.000,,29,,,,1.839,,,,,,,,,,,,0.4,,0,,,,,,,3,,0,,,,2.735,0.191,0.000,0.823,0.182,0.00,0.0,29,,0.0,29,,0.932,,0.00,1094,,0.100,0.0,2.3,0.265,,,,,,,,,,0.193,0.000,0.36,4.961,0.0,3,0.01,0.300,0.000,2.8,,0.010,0.5,0.000,,,,,,,,2.851,265.0,6.3,1.132,13.18,0.842,,,,10,261,,0.247,,74.0,0.804,0.000,26.6,0,0.283,29,1.061,2.440,210.0,0.00,117.9,1.004,0.00,117.9,1.004,13.98,,,0.0,22,,,,,1.58,,0.000,0.5,1.119,27.0,4.008,0.625,,,,,0.0,,,,,,0.0,
154,"""07083""","Sausage, Vienna, canned, chicken, beef, pork",16.0,"1.0 sausage (7/8"" dia x 2"" long)",1.14,0.206,,0.0,0.014,0.128,0.000,,1,,,,0.127,,,,,,,,,,,,,,0,,,,,,,,,0,,,,0.258,0.005,,0.393,0.048,,,,,,,,0.057,,,154,,0.072,0.0,0.14,0.028,,,,,,,,,,0.017,0.000,0.16,1.54,0.3,0,0.002,0.019,,0.42,,0.000,,,,,,,,,,0.158,16.0,0.6,0.097,3.1,0.187,,,,0,37,,0.017,,14.0,0.055,,2.7,0,,1,0.089,0.668,8.0,0.00,7.0,0.069,0.00,7.0,0.069,0.42,,,0.0,4,,,,,0.113,,0.004,0.1,0.092,1.0,1.354,0.044,,,,,0.0,,,,,,,
155,"""07951""","Scrapple, pork",17.0,1.0 cubic inch,0.804,0.283,0.00,0.03,0.020,,0.000,,1,,,,,,,,,,,,,,,,0.1,,0,,,,,,,106,,0,,,,0.386,0.036,,0.263,0.044,0.03,,,,,,,,,,152,,0.028,,,,,,,,,,,,,0.049,0.000,0.05,1.047,0.6,106,0.002,0.020,,0.26,,0.000,0.1,,,,,,,,,0.229,27.0,0.7,,,,,,,355,36,,,,,,,,0,,1,,,,0.00,12.3,,0.00,12.3,,2.39,,,0.0,2,,,,,,,,0.1,,2.0,0.962,,,,,,0.0,,0.4,,,,0.0,
156,"""07078""","Thuringer, cervelat, summer sausage, beef, pork",56.0,2.0 oz 1 serving,6.446,0.672,,0.48,0.084,,0.000,,1,,,,,,,,,,,,,,,,,,0,,,,,,,,,0,,,,2.414,0.084,,2.335,0.118,,,,,,,,,,,848,,0.448,,,,,,,,,,,,,0.185,0.000,3.08,7.263,0.7,0,0.045,0.146,,2.03,,0.000,,,,,,,,,,0.554,146.0,1.9,,,,,,,0,203,,,,,,,,0,,1,,,,0.00,44.2,,0.00,44.2,,1.86,,,0.0,25,,,,,,,,0.6,,8.0,6.278,,,,,,0.0,,9.3,,,,,
157,"""07046""","Turkey breast, low salt, prepackaged or deli, luncheon meat",28.0,1.0 slice,0.055,0.052,,0.98,0.036,0.381,0.000,,1,,,,0.451,,,,,,,,,,,,0.1,,0,,,,,,,3,,0,,6.11,0.0,0.031,0.016,,0.013,0.003,,,,,,,,0.213,,,127,,0.001,0.0,0.18,0.05,,,,0.0,0.237,2.0,,,,0.09,0.000,0.03,0.073,0.0,3,0.0,0.036,,0.8,0.00,,0.0,,,,,,,,,0.045,59.0,1.3,0.199,0.23,0.013,,,,9,31,,0.054,,12.0,0.189,,6.4,0,0.005,1,0.249,0.040,45.0,0.00,18.6,0.213,0.00,18.6,0.213,0.98,,,0.0,1,,,,,0.333,,0.000,0.0,0.254,6.0,0.06,0.149,,,,,0.0,,1.6,,,,,
158,"""07081""","Turkey breast, sliced, prepackaged",16.0,1.0 slice,0.145,0.164,0.03,0.15,0.006,,0.000,0.002,1,0.008,0.02,,,,,,,,0.0,,,0.001,,0.001,,0.000,0,,,,,,,,,0,,,,1.144,0.004,0.001,0.038,0.008,0.07,0.001,1,0.001,0.001,1,0.001,,,,71,0.004,0.004,,,,0.001,12.16,0.0,,,,0.000,0.0,0.001,0.023,0.000,0.06,0.183,,0,0.0,0.066,0.000,0.52,,0.000,,,,0.017,144.0,0.0,,0.001,0.0,0.141,59.0,,,,,0.001,,0.05,0,17,,,,,,,,0,0.003,1,,,,0.00,4.8,,0.00,4.8,,0.35,0.000,,0.0,1,0.158,0.14,,0.051,,,,0.0,,3.0,0.161,,,0.001,0.009,0.005,0.0,,,,,,0.0,0.001
159,"""07943""","Turkey, breast, smoked, lemon pepper flavor, 97% fat-free",28.0,1.0 slice,0.062,0.053,,0.0,,,,,,,,,,,,,,,,,,,,,,,0,,,,,,,,,0,,,,,,,,,,,,,,,,,,,111,,,,,,,,,,,,,,,,,,0.07,,0,,,,1.01,,,,,,,,,,,,,,,,,,,,,0,27,,,,,,,,,,,,,,,,,,,,0.37,,,0.0,,,,,,,,,,,,,,,,,,0.0,,,,,,,
160,"""07944""","Turkey, white, rotisserie, deli cut",48.0,1.0 oz (1 serving),0.057,0.178,,1.92,0.016,0.516,0.000,,2,,,,0.611,,,,,,,,,,,,0.2,,0,,,,,,,1,,0,,,,2.476,0.019,,0.013,0.010,,,,,,,,0.288,,,225,,0.001,,,,,,,,,,,,,0.055,0.000,0.11,0.284,0.0,1,0.0,0.141,,1.82,,0.000,,,,,,,,,,0.155,168.0,,0.27,1.44,0.049,,,,4,54,,0.074,,26.0,0.256,,14.4,0,0.010,2,0.337,0.041,76.0,,,,,,,3.7,,,0.0,,,,,,0.452,,0.000,,,,0.234,0.202,,,,,0.0,,4.8,,,,,
161,"""07930""","Yachtwurst, with pistachio nuts, cooked",56.0,1.0 serving 2 oz,4.424,,,0.0,,,,,,,,,,,,,,,,,,,,,,,0,,,,,,,,,0,,,,,,,,,,,,,,,,,,,628,,,,,,,,,,,,,,,,,,,,,,,,1.68,,,,,,,,,,,,,,,,,,,,,0,150,,,,,,,,,,,,,,,,,,,,0.78,,,0.0,,,,,,,,,,,,,,,,,,0.0,,,,,,,
162,"""07923""","Bratwurst, chicken, cooked",84.0,1.0 serving 2.96 oz,,,,0.0,0.056,,,,,,,,,,,,,,,,,,,,,,0,,,,,,,25,,0,,,,6.343,0.042,,,,,,,,,,,,,,620,,,,,,,,,,,,,,,0.112,,0.29,,,,,,,0.74,,,,,,,,,,,,,,,,,,,,,85,148,,,,,,,,0,,5,,,,,,,,,,0.0,,,0.0,,,,,,,,,,,,,,,,,,0.0,,1.7,,,,,
163,"""07924""","Bratwurst, pork, beef and turkey, lite, smoked",66.0,1.0 serving 2.33 oz,,,,1.04,0.059,0.689,0.000,,3,,,,0.721,,,,,,,,,,,,,,0,,,,,,,,,0,,,,1.219,0.042,,0.985,0.123,,,,,,,,0.373,,,513,,0.232,,,,,,,,,,,,,0.11,0.000,1.06,4.729,,0,0.02,0.141,,2.98,,0.000,,,,,,,,,,0.422,162.0,,0.508,8.93,0.525,,,,1,123,,0.096,,37.0,0.296,,13.3,0,0.010,3,0.405,1.897,87.0,,,,,,,1.07,,,0.0,,,,,,0.564,,0.024,,,,4.178,0.281,,,,,0.0,,,,,,,
164,"""07920""","Swisswurst, pork and beef, with swiss cheese, smoked",77.0,1.0 serving 2.7 oz,,,,0.0,0.192,0.847,0.000,,2,,,,0.893,,,,,,,,,,,,,,0,,,,,,,77,,0,,,,2.233,0.054,,2.564,0.308,,,,,,,,0.416,,,990,,0.431,,,,,,,,,,,,,0.123,0.000,1.33,10.534,,77,0.077,0.100,,2.33,,0.000,,,,,,,,,,2.017,159.0,,0.747,21.07,0.878,,,,257,236,,0.115,,47.0,0.4,,5.8,0,0.025,2,0.477,4.920,137.0,,,,,,,1.23,,,0.0,,,,,,0.647,,0.069,,,,9.629,0.362,,,,,0.0,,,,,,,
